"","filename","Comparison1","Comparison2","ScatterDiff","LocationDiff","alpha","method"
"1",NA,NA,NA,NA,NA,NA,NA
"2","1R_R30_1351142954_453_1_NumPops=30_NumInd=20Bayenv2LFMMpca.Cpval","Neutral","All",47.7277036524762,0.039165434294296,NA,NA
"3","1R_R30_1351142954_453_1_NumPops=30_NumInd=20Bayenv2LFMMpca.Cpval","Neutral","MCD 0.51",0.0723869109023019,0.126578519124145,0.51,"MCD"
"4","1R_R30_1351142954_453_1_NumPops=30_NumInd=20Bayenv2LFMMpca.Cpval","Neutral","MCD 0.75",0.0796272188262612,0.0735213215634349,0.75,"MCD"
"5","1R_R30_1351142954_453_1_NumPops=30_NumInd=20Bayenv2LFMMpca.Cpval","Neutral","MCD 0.90",0.127389633641779,0.04349191821633,0.9,"MCD"
"6","1R_R30_1351142954_453_1_NumPops=30_NumInd=20Bayenv2LFMMpca.Cpval","Neutral","PCS 0.51",3.46507240934997,0.519845599069786,0.51,"PCS"
"7","1R_R30_1351142954_453_1_NumPops=30_NumInd=20Bayenv2LFMMpca.Cpval","Neutral","PCS 0.75",1.67793777719419,0.160436982029983,0.75,"PCS"
"8","1R_R30_1351142954_453_1_NumPops=30_NumInd=20Bayenv2LFMMpca.Cpval","Neutral","PCS 0.90",0.615860784696996,0.0355042322708902,0.9,"PCS"
"9","1R_R30_1351142954_453_1_NumPops=30_NumInd=20Bayenv2LFMMpca.Cpval","All","Neutral",47.7277036524762,0.039165434294296,NA,NA
"10","1R_R30_1351142954_453_1_NumPops=30_NumInd=20Bayenv2LFMMpca.Cpval","All","MCD 0.75",51.4356141721354,0.21554494636536,0.75,"MCD"
"11","1R_R30_1351142954_453_1_NumPops=30_NumInd=20Bayenv2LFMMpca.Cpval","All","MCD 0.90",52.7253284393989,0.163177557411078,0.9,"MCD"
"12","1R_R30_1351142954_453_1_NumPops=30_NumInd=60Bayenv2LFMMpca.Cpval","Neutral","All",782.674347325853,0.149255204641624,NA,NA
"13","1R_R30_1351142954_453_1_NumPops=30_NumInd=60Bayenv2LFMMpca.Cpval","Neutral","MCD 0.51",3.89147747024035,0.17000485903729,0.51,"MCD"
"14","1R_R30_1351142954_453_1_NumPops=30_NumInd=60Bayenv2LFMMpca.Cpval","Neutral","MCD 0.75",0.80050423714617,0.108280720308185,0.75,"MCD"
"15","1R_R30_1351142954_453_1_NumPops=30_NumInd=60Bayenv2LFMMpca.Cpval","Neutral","MCD 0.90",0.042333655222565,0.062491584647465,0.9,"MCD"
"16","1R_R30_1351142954_453_1_NumPops=30_NumInd=60Bayenv2LFMMpca.Cpval","Neutral","PCS 0.51",14.8380872710719,0.68106381205073,0.51,"PCS"
"17","1R_R30_1351142954_453_1_NumPops=30_NumInd=60Bayenv2LFMMpca.Cpval","Neutral","PCS 0.75",5.68128083085494,0.228305959303279,0.75,"PCS"
"18","1R_R30_1351142954_453_1_NumPops=30_NumInd=60Bayenv2LFMMpca.Cpval","Neutral","PCS 0.90",1.38573929505272,0.0411092242872095,0.9,"PCS"
"19","1R_R30_1351142954_453_1_NumPops=30_NumInd=60Bayenv2LFMMpca.Cpval","All","Neutral",782.674347325853,0.149255204641624,NA,NA
"20","1R_R30_1351142954_453_1_NumPops=30_NumInd=60Bayenv2LFMMpca.Cpval","All","MCD 0.75",734.58158530255,0.51081601152038,0.75,"MCD"
"21","1R_R30_1351142954_453_1_NumPops=30_NumInd=60Bayenv2LFMMpca.Cpval","All","MCD 0.90",772.45126646535,0.404371324859712,0.9,"MCD"
"22","1R_R30_1351142970_988_5_NumPops=30_NumInd=20Bayenv2LFMMpca.Cpval","Neutral","All",14.1537210967696,0.0210190678825803,NA,NA
"23","1R_R30_1351142970_988_5_NumPops=30_NumInd=20Bayenv2LFMMpca.Cpval","Neutral","MCD 0.51",0.00882670144609568,0.0894096296506964,0.51,"MCD"
"24","1R_R30_1351142970_988_5_NumPops=30_NumInd=20Bayenv2LFMMpca.Cpval","Neutral","MCD 0.75",0.0125760253661806,0.0550756931057273,0.75,"MCD"
"25","1R_R30_1351142970_988_5_NumPops=30_NumInd=20Bayenv2LFMMpca.Cpval","Neutral","MCD 0.90",0.0504865615239147,0.0331891813018323,0.9,"MCD"
"26","1R_R30_1351142970_988_5_NumPops=30_NumInd=20Bayenv2LFMMpca.Cpval","Neutral","PCS 0.51",3.34574937438723,0.37442166832893,0.51,"PCS"
"27","1R_R30_1351142970_988_5_NumPops=30_NumInd=20Bayenv2LFMMpca.Cpval","Neutral","PCS 0.75",1.40185357589539,0.116194791718192,0.75,"PCS"
"28","1R_R30_1351142970_988_5_NumPops=30_NumInd=20Bayenv2LFMMpca.Cpval","Neutral","PCS 0.90",0.481784081665329,0.0258832060026287,0.9,"PCS"
"29","1R_R30_1351142970_988_5_NumPops=30_NumInd=20Bayenv2LFMMpca.Cpval","All","Neutral",14.1537210967696,0.0210190678825803,NA,NA
"30","1R_R30_1351142970_988_5_NumPops=30_NumInd=20Bayenv2LFMMpca.Cpval","All","MCD 0.75",14.9115078366447,0.142186794803347,0.75,"MCD"
"31","1R_R30_1351142970_988_5_NumPops=30_NumInd=20Bayenv2LFMMpca.Cpval","All","MCD 0.90",15.8849064489031,0.106036654032087,0.9,"MCD"
"32","1R_R30_1351142970_988_5_NumPops=30_NumInd=60Bayenv2LFMMpca.Cpval","Neutral","All",437.632636813075,0.103002110328862,NA,NA
"33","1R_R30_1351142970_988_5_NumPops=30_NumInd=60Bayenv2LFMMpca.Cpval","Neutral","MCD 0.51",2.93360832619149,0.113226148097068,0.51,"MCD"
"34","1R_R30_1351142970_988_5_NumPops=30_NumInd=60Bayenv2LFMMpca.Cpval","Neutral","MCD 0.75",0.540402347618291,0.0859899256885726,0.75,"MCD"
"35","1R_R30_1351142970_988_5_NumPops=30_NumInd=60Bayenv2LFMMpca.Cpval","Neutral","MCD 0.90",0.025640260170193,0.0526505888870737,0.9,"MCD"
"36","1R_R30_1351142970_988_5_NumPops=30_NumInd=60Bayenv2LFMMpca.Cpval","Neutral","PCS 0.51",15.1440684804905,0.508672581124643,0.51,"PCS"
"37","1R_R30_1351142970_988_5_NumPops=30_NumInd=60Bayenv2LFMMpca.Cpval","Neutral","PCS 0.75",6.0762727341675,0.17813853698664,0.75,"PCS"
"38","1R_R30_1351142970_988_5_NumPops=30_NumInd=60Bayenv2LFMMpca.Cpval","Neutral","PCS 0.90",1.4151412912359,0.0316041096012373,0.9,"PCS"
"39","1R_R30_1351142970_988_5_NumPops=30_NumInd=60Bayenv2LFMMpca.Cpval","All","Neutral",437.632636813075,0.103002110328862,NA,NA
"40","1R_R30_1351142970_988_5_NumPops=30_NumInd=60Bayenv2LFMMpca.Cpval","All","MCD 0.75",407.97088351228,0.376469780983087,0.75,"MCD"
"41","1R_R30_1351142970_988_5_NumPops=30_NumInd=60Bayenv2LFMMpca.Cpval","All","MCD 0.90",431.523641439351,0.30249196165864,0.9,"MCD"
"42","1R_R30_1351142986_950_9_NumPops=30_NumInd=20Bayenv2LFMMpca.Cpval","Neutral","All",8.63439778861517,0.0166961426132211,NA,NA
"43","1R_R30_1351142986_950_9_NumPops=30_NumInd=20Bayenv2LFMMpca.Cpval","Neutral","MCD 0.51",0.0321537816468272,0.101129421700538,0.51,"MCD"
"44","1R_R30_1351142986_950_9_NumPops=30_NumInd=20Bayenv2LFMMpca.Cpval","Neutral","MCD 0.75",0.0154380145961377,0.0609690930488429,0.75,"MCD"
"45","1R_R30_1351142986_950_9_NumPops=30_NumInd=20Bayenv2LFMMpca.Cpval","Neutral","MCD 0.90",0.0572334948962813,0.0376073146700098,0.9,"MCD"
"46","1R_R30_1351142986_950_9_NumPops=30_NumInd=20Bayenv2LFMMpca.Cpval","Neutral","PCS 0.51",3.15701582772757,0.388614348416438,0.51,"PCS"
"47","1R_R30_1351142986_950_9_NumPops=30_NumInd=20Bayenv2LFMMpca.Cpval","Neutral","PCS 0.75",1.35354991714664,0.124055268280972,0.75,"PCS"
"48","1R_R30_1351142986_950_9_NumPops=30_NumInd=20Bayenv2LFMMpca.Cpval","Neutral","PCS 0.90",0.522195227455892,0.031638041075871,0.9,"PCS"
"49","1R_R30_1351142986_950_9_NumPops=30_NumInd=20Bayenv2LFMMpca.Cpval","All","Neutral",8.63439778861517,0.0166961426132211,NA,NA
"50","1R_R30_1351142986_950_9_NumPops=30_NumInd=20Bayenv2LFMMpca.Cpval","All","MCD 0.75",9.10638434170568,0.138886013457872,0.75,"MCD"
"51","1R_R30_1351142986_950_9_NumPops=30_NumInd=20Bayenv2LFMMpca.Cpval","All","MCD 0.90",10.0711947411677,0.103114885286488,0.9,"MCD"
"52","1R_R30_1351142986_950_9_NumPops=30_NumInd=60Bayenv2LFMMpca.Cpval","Neutral","All",497.365278792878,0.0985630034322117,NA,NA
"53","1R_R30_1351142986_950_9_NumPops=30_NumInd=60Bayenv2LFMMpca.Cpval","Neutral","MCD 0.51",3.32381442101872,0.201068243845694,0.51,"MCD"
"54","1R_R30_1351142986_950_9_NumPops=30_NumInd=60Bayenv2LFMMpca.Cpval","Neutral","MCD 0.75",0.715650630399522,0.127955434621397,0.75,"MCD"
"55","1R_R30_1351142986_950_9_NumPops=30_NumInd=60Bayenv2LFMMpca.Cpval","Neutral","MCD 0.90",0.0135681958721877,0.0875360513518781,0.9,"MCD"
"56","1R_R30_1351142986_950_9_NumPops=30_NumInd=60Bayenv2LFMMpca.Cpval","Neutral","PCS 0.51",16.9678425463995,0.631489439382609,0.51,"PCS"
"57","1R_R30_1351142986_950_9_NumPops=30_NumInd=60Bayenv2LFMMpca.Cpval","Neutral","PCS 0.75",6.07061252920467,0.229843880974521,0.75,"PCS"
"58","1R_R30_1351142986_950_9_NumPops=30_NumInd=60Bayenv2LFMMpca.Cpval","Neutral","PCS 0.90",1.78627150785961,0.0529216032350921,0.9,"PCS"
"59","1R_R30_1351142986_950_9_NumPops=30_NumInd=60Bayenv2LFMMpca.Cpval","All","Neutral",497.365278792878,0.0985630034322117,NA,NA
"60","1R_R30_1351142986_950_9_NumPops=30_NumInd=60Bayenv2LFMMpca.Cpval","All","MCD 0.75",461.94522238857,0.449540377591047,0.75,"MCD"
"61","1R_R30_1351142986_950_9_NumPops=30_NumInd=60Bayenv2LFMMpca.Cpval","All","MCD 0.90",497.984975223186,0.371141142383394,0.9,"MCD"
"62","1R_R60_1351142954_453_1_NumPops=60_NumInd=20Bayenv2LFMMpca.Cpval","Neutral","All",346.940178368018,0.0967182975460844,NA,NA
"63","1R_R60_1351142954_453_1_NumPops=60_NumInd=20Bayenv2LFMMpca.Cpval","Neutral","MCD 0.51",0.424548895956617,0.11646087180681,0.51,"MCD"
"64","1R_R60_1351142954_453_1_NumPops=60_NumInd=20Bayenv2LFMMpca.Cpval","Neutral","MCD 0.75",0.021902919323906,0.0773854734619456,0.75,"MCD"
"65","1R_R60_1351142954_453_1_NumPops=60_NumInd=20Bayenv2LFMMpca.Cpval","Neutral","MCD 0.90",0.0906752153956997,0.0570474346352861,0.9,"MCD"
"66","1R_R60_1351142954_453_1_NumPops=60_NumInd=20Bayenv2LFMMpca.Cpval","Neutral","PCS 0.51",11.5476989528706,0.501458760109191,0.51,"PCS"
"67","1R_R60_1351142954_453_1_NumPops=60_NumInd=20Bayenv2LFMMpca.Cpval","Neutral","PCS 0.75",5.28634907751316,0.18743005906411,0.75,"PCS"
"68","1R_R60_1351142954_453_1_NumPops=60_NumInd=20Bayenv2LFMMpca.Cpval","Neutral","PCS 0.90",1.86067554265752,0.0496221458877068,0.9,"PCS"
"69","1R_R60_1351142954_453_1_NumPops=60_NumInd=20Bayenv2LFMMpca.Cpval","All","Neutral",346.940178368018,0.0967182975460844,NA,NA
"70","1R_R60_1351142954_453_1_NumPops=60_NumInd=20Bayenv2LFMMpca.Cpval","All","MCD 0.75",344.374920552573,0.344412885480967,0.75,"MCD"
"71","1R_R60_1351142954_453_1_NumPops=60_NumInd=20Bayenv2LFMMpca.Cpval","All","MCD 0.90",357.934894108765,0.30117292083115,0.9,"MCD"
"72","1R_R60_1351142954_453_1_NumPops=60_NumInd=30Bayenv2LFMMpca.Cpval","Neutral","All",747.45925671957,0.142502879935463,NA,NA
"73","1R_R60_1351142954_453_1_NumPops=60_NumInd=30Bayenv2LFMMpca.Cpval","Neutral","MCD 0.51",3.18903378248121,0.101223479222452,0.51,"MCD"
"74","1R_R60_1351142954_453_1_NumPops=60_NumInd=30Bayenv2LFMMpca.Cpval","Neutral","MCD 0.75",0.658598714467968,0.0768610667953967,0.75,"MCD"
"75","1R_R60_1351142954_453_1_NumPops=60_NumInd=30Bayenv2LFMMpca.Cpval","Neutral","MCD 0.90",0.0738838308358536,0.0479700708898202,0.9,"MCD"
"76","1R_R60_1351142954_453_1_NumPops=60_NumInd=30Bayenv2LFMMpca.Cpval","Neutral","PCS 0.51",19.7494813267218,0.447322865479075,0.51,"PCS"
"77","1R_R60_1351142954_453_1_NumPops=60_NumInd=30Bayenv2LFMMpca.Cpval","Neutral","PCS 0.75",7.94777896558767,0.195260513847057,0.75,"PCS"
"78","1R_R60_1351142954_453_1_NumPops=60_NumInd=30Bayenv2LFMMpca.Cpval","Neutral","PCS 0.90",1.72957476911399,0.0379067497184745,0.9,"PCS"
"79","1R_R60_1351142954_453_1_NumPops=60_NumInd=30Bayenv2LFMMpca.Cpval","All","Neutral",747.45925671957,0.142502879935463,NA,NA
"80","1R_R60_1351142954_453_1_NumPops=60_NumInd=30Bayenv2LFMMpca.Cpval","All","MCD 0.75",704.861888569698,0.426708692566152,0.75,"MCD"
"81","1R_R60_1351142954_453_1_NumPops=60_NumInd=30Bayenv2LFMMpca.Cpval","All","MCD 0.90",733.801710758048,0.354724179345852,0.9,"MCD"
"82","1R_R60_1351142970_988_5_NumPops=60_NumInd=20Bayenv2LFMMpca.Cpval","Neutral","All",270.351309545082,0.0824239511641539,NA,NA
"83","1R_R60_1351142970_988_5_NumPops=60_NumInd=20Bayenv2LFMMpca.Cpval","Neutral","MCD 0.51",0.672491225016125,0.0748290305071714,0.51,"MCD"
"84","1R_R60_1351142970_988_5_NumPops=60_NumInd=20Bayenv2LFMMpca.Cpval","Neutral","MCD 0.75",0.0516022101096451,0.0524486853821636,0.75,"MCD"
"85","1R_R60_1351142970_988_5_NumPops=60_NumInd=20Bayenv2LFMMpca.Cpval","Neutral","MCD 0.90",0.0458567467795216,0.0419453926116392,0.9,"MCD"
"86","1R_R60_1351142970_988_5_NumPops=60_NumInd=20Bayenv2LFMMpca.Cpval","Neutral","PCS 0.51",10.3588814795669,0.448326945916174,0.51,"PCS"
"87","1R_R60_1351142970_988_5_NumPops=60_NumInd=20Bayenv2LFMMpca.Cpval","Neutral","PCS 0.75",4.30367214397691,0.129209411869103,0.75,"PCS"
"88","1R_R60_1351142970_988_5_NumPops=60_NumInd=20Bayenv2LFMMpca.Cpval","Neutral","PCS 0.90",1.63902470341855,0.0388688051743313,0.9,"PCS"
"89","1R_R60_1351142970_988_5_NumPops=60_NumInd=20Bayenv2LFMMpca.Cpval","All","Neutral",270.351309545082,0.0824239511641539,NA,NA
"90","1R_R60_1351142970_988_5_NumPops=60_NumInd=20Bayenv2LFMMpca.Cpval","All","MCD 0.75",263.660865652228,0.262854796498781,0.75,"MCD"
"91","1R_R60_1351142970_988_5_NumPops=60_NumInd=20Bayenv2LFMMpca.Cpval","All","MCD 0.90",277.250322437607,0.240388953051922,0.9,"MCD"
"92","1R_R60_1351142970_988_5_NumPops=60_NumInd=30Bayenv2LFMMpca.Cpval","Neutral","All",689.31932012899,0.131226369439077,NA,NA
"93","1R_R60_1351142970_988_5_NumPops=60_NumInd=30Bayenv2LFMMpca.Cpval","Neutral","MCD 0.51",5.36776436440607,0.0787449188855904,0.51,"MCD"
"94","1R_R60_1351142970_988_5_NumPops=60_NumInd=30Bayenv2LFMMpca.Cpval","Neutral","MCD 0.75",1.72904657168559,0.0558638561643601,0.75,"MCD"
"95","1R_R60_1351142970_988_5_NumPops=60_NumInd=30Bayenv2LFMMpca.Cpval","Neutral","MCD 0.90",0.190693543108913,0.039265221207033,0.9,"MCD"
"96","1R_R60_1351142970_988_5_NumPops=60_NumInd=30Bayenv2LFMMpca.Cpval","Neutral","PCS 0.51",16.7206484030703,0.325883027435922,0.51,"PCS"
"97","1R_R60_1351142970_988_5_NumPops=60_NumInd=30Bayenv2LFMMpca.Cpval","Neutral","PCS 0.75",5.16764278697241,0.121922926706847,0.75,"PCS"
"98","1R_R60_1351142970_988_5_NumPops=60_NumInd=30Bayenv2LFMMpca.Cpval","Neutral","PCS 0.90",1.35086781537155,0.0274495909454384,0.9,"PCS"
"99","1R_R60_1351142970_988_5_NumPops=60_NumInd=30Bayenv2LFMMpca.Cpval","All","Neutral",689.31932012899,0.131226369439077,NA,NA
"100","1R_R60_1351142970_988_5_NumPops=60_NumInd=30Bayenv2LFMMpca.Cpval","All","MCD 0.75",622.719446730628,0.357011605262199,0.75,"MCD"
"101","1R_R60_1351142970_988_5_NumPops=60_NumInd=30Bayenv2LFMMpca.Cpval","All","MCD 0.90",667.101054891794,0.313355148127026,0.9,"MCD"
"102","1R_R60_1351142986_950_9_NumPops=60_NumInd=20Bayenv2LFMMpca.Cpval","Neutral","All",339.874310816436,0.08826569385211,NA,NA
"103","1R_R60_1351142986_950_9_NumPops=60_NumInd=20Bayenv2LFMMpca.Cpval","Neutral","MCD 0.51",0.754454819488296,0.132063255398966,0.51,"MCD"
"104","1R_R60_1351142986_950_9_NumPops=60_NumInd=20Bayenv2LFMMpca.Cpval","Neutral","MCD 0.75",0.0301015131676449,0.0873485904446628,0.75,"MCD"
"105","1R_R60_1351142986_950_9_NumPops=60_NumInd=20Bayenv2LFMMpca.Cpval","Neutral","MCD 0.90",0.0239356484990763,0.0546646479151253,0.9,"MCD"
"106","1R_R60_1351142986_950_9_NumPops=60_NumInd=20Bayenv2LFMMpca.Cpval","Neutral","PCS 0.51",11.8287773570078,0.467257996202558,0.51,"PCS"
"107","1R_R60_1351142986_950_9_NumPops=60_NumInd=20Bayenv2LFMMpca.Cpval","Neutral","PCS 0.75",5.720064968412,0.182897633618841,0.75,"PCS"
"108","1R_R60_1351142986_950_9_NumPops=60_NumInd=20Bayenv2LFMMpca.Cpval","Neutral","PCS 0.90",1.2872017457158,0.0295441529521308,0.9,"PCS"
"109","1R_R60_1351142986_950_9_NumPops=60_NumInd=20Bayenv2LFMMpca.Cpval","All","Neutral",339.874310816436,0.08826569385211,NA,NA
"110","1R_R60_1351142986_950_9_NumPops=60_NumInd=20Bayenv2LFMMpca.Cpval","All","MCD 0.75",334.838629050795,0.348057583877998,0.75,"MCD"
"111","1R_R60_1351142986_950_9_NumPops=60_NumInd=20Bayenv2LFMMpca.Cpval","All","MCD 0.90",345.200248831485,0.280181777501595,0.9,"MCD"
"112","1R_R60_1351142986_950_9_NumPops=60_NumInd=30Bayenv2LFMMpca.Cpval","Neutral","All",907.811231381859,0.136296610370806,NA,NA
"113","1R_R60_1351142986_950_9_NumPops=60_NumInd=30Bayenv2LFMMpca.Cpval","Neutral","MCD 0.51",5.74628800703594,0.10469000843363,0.51,"MCD"
"114","1R_R60_1351142986_950_9_NumPops=60_NumInd=30Bayenv2LFMMpca.Cpval","Neutral","MCD 0.75",1.16896424516234,0.0732031284274327,0.75,"MCD"
"115","1R_R60_1351142986_950_9_NumPops=60_NumInd=30Bayenv2LFMMpca.Cpval","Neutral","MCD 0.90",0.0488766768243065,0.0497256470732607,0.9,"MCD"
"116","1R_R60_1351142986_950_9_NumPops=60_NumInd=30Bayenv2LFMMpca.Cpval","Neutral","PCS 0.51",19.9076323773401,0.458505233116552,0.51,"PCS"
"117","1R_R60_1351142986_950_9_NumPops=60_NumInd=30Bayenv2LFMMpca.Cpval","Neutral","PCS 0.75",7.60756377500571,0.168669069462666,0.75,"PCS"
"118","1R_R60_1351142986_950_9_NumPops=60_NumInd=30Bayenv2LFMMpca.Cpval","Neutral","PCS 0.90",1.78734035320851,0.0289918214500489,0.9,"PCS"
"119","1R_R60_1351142986_950_9_NumPops=60_NumInd=30Bayenv2LFMMpca.Cpval","All","Neutral",907.811231381859,0.136296610370806,NA,NA
"120","1R_R60_1351142986_950_9_NumPops=60_NumInd=30Bayenv2LFMMpca.Cpval","All","MCD 0.75",844.576967026469,0.406973242374918,0.75,"MCD"
"121","1R_R60_1351142986_950_9_NumPops=60_NumInd=30Bayenv2LFMMpca.Cpval","All","MCD 0.90",895.237524280358,0.349536594973883,0.9,"MCD"
"122","1R_R90_1351142954_453_1_NumPops=90_NumInd=20Bayenv2LFMMpca.Cpval","Neutral","All",787.000017586226,0.15160636039987,NA,NA
"123","1R_R90_1351142954_453_1_NumPops=90_NumInd=20Bayenv2LFMMpca.Cpval","Neutral","MCD 0.51",6.89939670761638,0.0696093278466041,0.51,"MCD"
"124","1R_R90_1351142954_453_1_NumPops=90_NumInd=20Bayenv2LFMMpca.Cpval","Neutral","MCD 0.75",2.542152639874,0.0359362582129134,0.75,"MCD"
"125","1R_R90_1351142954_453_1_NumPops=90_NumInd=20Bayenv2LFMMpca.Cpval","Neutral","MCD 0.90",0.484137242730145,0.0259911406533348,0.9,"MCD"
"126","1R_R90_1351142954_453_1_NumPops=90_NumInd=20Bayenv2LFMMpca.Cpval","Neutral","PCS 0.51",19.7581891731051,0.346253580896517,0.51,"PCS"
"127","1R_R90_1351142954_453_1_NumPops=90_NumInd=20Bayenv2LFMMpca.Cpval","Neutral","PCS 0.75",5.92422112808096,0.120852182464862,0.75,"PCS"
"128","1R_R90_1351142954_453_1_NumPops=90_NumInd=20Bayenv2LFMMpca.Cpval","Neutral","PCS 0.90",1.23378290296496,0.021605970284217,0.9,"PCS"
"129","1R_R90_1351142954_453_1_NumPops=90_NumInd=20Bayenv2LFMMpca.Cpval","All","Neutral",787.000017586226,0.15160636039987,NA,NA
"130","1R_R90_1351142954_453_1_NumPops=90_NumInd=20Bayenv2LFMMpca.Cpval","All","MCD 0.75",700.961387014987,0.331324280173929,0.75,"MCD"
"131","1R_R90_1351142954_453_1_NumPops=90_NumInd=20Bayenv2LFMMpca.Cpval","All","MCD 0.90",749.061512864746,0.301128777400364,0.9,"MCD"
"132","1R_R90_1351142954_453_1_NumPops=90_NumInd=6Bayenv2LFMMpca.Cpval","Neutral","All",32.637182151719,0.0332308864942373,NA,NA
"133","1R_R90_1351142954_453_1_NumPops=90_NumInd=6Bayenv2LFMMpca.Cpval","Neutral","MCD 0.51",0.0730708389269436,0.0856485381599461,0.51,"MCD"
"134","1R_R90_1351142954_453_1_NumPops=90_NumInd=6Bayenv2LFMMpca.Cpval","Neutral","MCD 0.75",0.0251814259423143,0.0500284571172089,0.75,"MCD"
"135","1R_R90_1351142954_453_1_NumPops=90_NumInd=6Bayenv2LFMMpca.Cpval","Neutral","MCD 0.90",0.0388092898384581,0.0292941175933279,0.9,"MCD"
"136","1R_R90_1351142954_453_1_NumPops=90_NumInd=6Bayenv2LFMMpca.Cpval","Neutral","PCS 0.51",3.15249738382288,0.443488317291248,0.51,"PCS"
"137","1R_R90_1351142954_453_1_NumPops=90_NumInd=6Bayenv2LFMMpca.Cpval","Neutral","PCS 0.75",1.34919934931523,0.141798462620294,0.75,"PCS"
"138","1R_R90_1351142954_453_1_NumPops=90_NumInd=6Bayenv2LFMMpca.Cpval","Neutral","PCS 0.90",0.514406699057695,0.0334779375548008,0.9,"PCS"
"139","1R_R90_1351142954_453_1_NumPops=90_NumInd=6Bayenv2LFMMpca.Cpval","All","Neutral",32.637182151719,0.0332308864942373,NA,NA
"140","1R_R90_1351142954_453_1_NumPops=90_NumInd=6Bayenv2LFMMpca.Cpval","All","MCD 0.75",33.2281682671128,0.160704722063324,0.75,"MCD"
"141","1R_R90_1351142954_453_1_NumPops=90_NumInd=6Bayenv2LFMMpca.Cpval","All","MCD 0.90",34.7157924239751,0.122642720721519,0.9,"MCD"
"142","1R_R90_1351142970_988_5_NumPops=90_NumInd=20Bayenv2LFMMpca.Cpval","Neutral","All",683.768130979375,0.130978289296846,NA,NA
"143","1R_R90_1351142970_988_5_NumPops=90_NumInd=20Bayenv2LFMMpca.Cpval","Neutral","MCD 0.51",5.60515987651126,0.0711060520014887,0.51,"MCD"
"144","1R_R90_1351142970_988_5_NumPops=90_NumInd=20Bayenv2LFMMpca.Cpval","Neutral","MCD 0.75",2.36757553145477,0.0471783290879741,0.75,"MCD"
"145","1R_R90_1351142970_988_5_NumPops=90_NumInd=20Bayenv2LFMMpca.Cpval","Neutral","MCD 0.90",0.451760582216376,0.0370074817749983,0.9,"MCD"
"146","1R_R90_1351142970_988_5_NumPops=90_NumInd=20Bayenv2LFMMpca.Cpval","Neutral","PCS 0.51",20.2890440214207,0.410379910561729,0.51,"PCS"
"147","1R_R90_1351142970_988_5_NumPops=90_NumInd=20Bayenv2LFMMpca.Cpval","Neutral","PCS 0.75",5.50364280255516,0.0990400984434536,0.75,"PCS"
"148","1R_R90_1351142970_988_5_NumPops=90_NumInd=20Bayenv2LFMMpca.Cpval","Neutral","PCS 0.90",1.178792050417,0.0260805909364854,0.9,"PCS"
"149","1R_R90_1351142970_988_5_NumPops=90_NumInd=20Bayenv2LFMMpca.Cpval","All","Neutral",683.768130979375,0.130978289296846,NA,NA
"150","1R_R90_1351142970_988_5_NumPops=90_NumInd=20Bayenv2LFMMpca.Cpval","All","MCD 0.75",606.430819334665,0.333327244532045,0.75,"MCD"
"151","1R_R90_1351142970_988_5_NumPops=90_NumInd=20Bayenv2LFMMpca.Cpval","All","MCD 0.90",649.638191088257,0.306287324721515,0.9,"MCD"
"152","1R_R90_1351142970_988_5_NumPops=90_NumInd=6Bayenv2LFMMpca.Cpval","Neutral","All",16.850913663058,0.0250400707153823,NA,NA
"153","1R_R90_1351142970_988_5_NumPops=90_NumInd=6Bayenv2LFMMpca.Cpval","Neutral","MCD 0.51",0.00590596077642485,0.0531196972980657,0.51,"MCD"
"154","1R_R90_1351142970_988_5_NumPops=90_NumInd=6Bayenv2LFMMpca.Cpval","Neutral","MCD 0.75",0.00553402144338881,0.0345615920814981,0.75,"MCD"
"155","1R_R90_1351142970_988_5_NumPops=90_NumInd=6Bayenv2LFMMpca.Cpval","Neutral","MCD 0.90",0.0208373188643528,0.0228137085323893,0.9,"MCD"
"156","1R_R90_1351142970_988_5_NumPops=90_NumInd=6Bayenv2LFMMpca.Cpval","Neutral","PCS 0.51",3.72240193078512,0.31996394938318,0.51,"PCS"
"157","1R_R90_1351142970_988_5_NumPops=90_NumInd=6Bayenv2LFMMpca.Cpval","Neutral","PCS 0.75",1.57671402331739,0.0976211373586204,0.75,"PCS"
"158","1R_R90_1351142970_988_5_NumPops=90_NumInd=6Bayenv2LFMMpca.Cpval","Neutral","PCS 0.90",0.457593173606762,0.0174238854696251,0.9,"PCS"
"159","1R_R90_1351142970_988_5_NumPops=90_NumInd=6Bayenv2LFMMpca.Cpval","All","Neutral",16.850913663058,0.0250400707153823,NA,NA
"160","1R_R90_1351142970_988_5_NumPops=90_NumInd=6Bayenv2LFMMpca.Cpval","All","MCD 0.75",17.247016227797,0.11634873567043,0.75,"MCD"
"161","1R_R90_1351142970_988_5_NumPops=90_NumInd=6Bayenv2LFMMpca.Cpval","All","MCD 0.90",18.0212341243247,0.0944644413428825,0.9,"MCD"
"162","1R_R90_1351142986_950_9_NumPops=90_NumInd=20Bayenv2LFMMpca.Cpval","Neutral","All",924.829975176388,0.131440439919587,NA,NA
"163","1R_R90_1351142986_950_9_NumPops=90_NumInd=20Bayenv2LFMMpca.Cpval","Neutral","MCD 0.51",6.03748979669741,0.089328258750975,0.51,"MCD"
"164","1R_R90_1351142986_950_9_NumPops=90_NumInd=20Bayenv2LFMMpca.Cpval","Neutral","MCD 0.75",2.09777454018052,0.0577794389177935,0.75,"MCD"
"165","1R_R90_1351142986_950_9_NumPops=90_NumInd=20Bayenv2LFMMpca.Cpval","Neutral","MCD 0.90",0.429339071104684,0.0336788132697594,0.9,"MCD"
"166","1R_R90_1351142986_950_9_NumPops=90_NumInd=20Bayenv2LFMMpca.Cpval","Neutral","PCS 0.51",22.0742342967325,0.385724867620917,0.51,"PCS"
"167","1R_R90_1351142986_950_9_NumPops=90_NumInd=20Bayenv2LFMMpca.Cpval","Neutral","PCS 0.75",6.79615317924103,0.140746194190984,0.75,"PCS"
"168","1R_R90_1351142986_950_9_NumPops=90_NumInd=20Bayenv2LFMMpca.Cpval","Neutral","PCS 0.90",1.1583055033385,0.0196558230070295,0.9,"PCS"
"169","1R_R90_1351142986_950_9_NumPops=90_NumInd=20Bayenv2LFMMpca.Cpval","All","Neutral",924.829975176388,0.131440439919587,NA,NA
"170","1R_R90_1351142986_950_9_NumPops=90_NumInd=20Bayenv2LFMMpca.Cpval","All","MCD 0.75",839.947153472463,0.359621226127027,0.75,"MCD"
"171","1R_R90_1351142986_950_9_NumPops=90_NumInd=20Bayenv2LFMMpca.Cpval","All","MCD 0.90",886.122607247862,0.29573655514052,0.9,"MCD"
"172","1R_R90_1351142986_950_9_NumPops=90_NumInd=6Bayenv2LFMMpca.Cpval","Neutral","All",9.40810687262707,0.0176463006359596,NA,NA
"173","1R_R90_1351142986_950_9_NumPops=90_NumInd=6Bayenv2LFMMpca.Cpval","Neutral","MCD 0.51",0.327321779730122,0.058809423444256,0.51,"MCD"
"174","1R_R90_1351142986_950_9_NumPops=90_NumInd=6Bayenv2LFMMpca.Cpval","Neutral","MCD 0.75",0.0821080575136269,0.0364214534562096,0.75,"MCD"
"175","1R_R90_1351142986_950_9_NumPops=90_NumInd=6Bayenv2LFMMpca.Cpval","Neutral","MCD 0.90",0.00684542116787586,0.0224764840639596,0.9,"MCD"
"176","1R_R90_1351142986_950_9_NumPops=90_NumInd=6Bayenv2LFMMpca.Cpval","Neutral","PCS 0.51",2.73844921181834,0.260092945748499,0.51,"PCS"
"177","1R_R90_1351142986_950_9_NumPops=90_NumInd=6Bayenv2LFMMpca.Cpval","Neutral","PCS 0.75",1.02606189544039,0.0829169230731526,0.75,"PCS"
"178","1R_R90_1351142986_950_9_NumPops=90_NumInd=6Bayenv2LFMMpca.Cpval","Neutral","PCS 0.90",0.28707796272492,0.0166938357795452,0.9,"PCS"
"179","1R_R90_1351142986_950_9_NumPops=90_NumInd=6Bayenv2LFMMpca.Cpval","All","Neutral",9.40810687262707,0.0176463006359596,NA,NA
"180","1R_R90_1351142986_950_9_NumPops=90_NumInd=6Bayenv2LFMMpca.Cpval","All","MCD 0.75",8.04901894073521,0.101450895743807,0.75,"MCD"
"181","1R_R90_1351142986_950_9_NumPops=90_NumInd=6Bayenv2LFMMpca.Cpval","All","MCD 0.90",9.25079718773171,0.0780710919631813,0.9,"MCD"
"182","2R_R30_1351142954_453_2_NumPops=30_NumInd=20Bayenv2LFMMpca.Cpval","Neutral","All",4.77770385022307,0.0165128413179843,NA,NA
"183","2R_R30_1351142954_453_2_NumPops=30_NumInd=20Bayenv2LFMMpca.Cpval","Neutral","MCD 0.51",0.0439693709444419,0.0955116405665449,0.51,"MCD"
"184","2R_R30_1351142954_453_2_NumPops=30_NumInd=20Bayenv2LFMMpca.Cpval","Neutral","MCD 0.75",0.098713111465227,0.0567961060418796,0.75,"MCD"
"185","2R_R30_1351142954_453_2_NumPops=30_NumInd=20Bayenv2LFMMpca.Cpval","Neutral","MCD 0.90",0.145429424229984,0.0372461206781915,0.9,"MCD"
"186","2R_R30_1351142954_453_2_NumPops=30_NumInd=20Bayenv2LFMMpca.Cpval","Neutral","PCS 0.51",2.09747117911311,0.400702559741824,0.51,"PCS"
"187","2R_R30_1351142954_453_2_NumPops=30_NumInd=20Bayenv2LFMMpca.Cpval","Neutral","PCS 0.75",1.10185071283714,0.134308646589569,0.75,"PCS"
"188","2R_R30_1351142954_453_2_NumPops=30_NumInd=20Bayenv2LFMMpca.Cpval","Neutral","PCS 0.90",0.512896821480767,0.0348418037433261,0.9,"PCS"
"189","2R_R30_1351142954_453_2_NumPops=30_NumInd=20Bayenv2LFMMpca.Cpval","All","Neutral",4.77770385022307,0.0165128413179843,NA,NA
"190","2R_R30_1351142954_453_2_NumPops=30_NumInd=20Bayenv2LFMMpca.Cpval","All","MCD 0.75",6.08142453556708,0.132095880322993,0.75,"MCD"
"191","2R_R30_1351142954_453_2_NumPops=30_NumInd=20Bayenv2LFMMpca.Cpval","All","MCD 0.90",6.33754640087849,0.101461619192831,0.9,"MCD"
"192","2R_R30_1351142954_453_2_NumPops=30_NumInd=60Bayenv2LFMMpca.Cpval","Neutral","All",2312.98929390115,0.29087113868542,NA,NA
"193","2R_R30_1351142954_453_2_NumPops=30_NumInd=60Bayenv2LFMMpca.Cpval","Neutral","MCD 0.51",0.557355842454993,0.108616445339122,0.51,"MCD"
"194","2R_R30_1351142954_453_2_NumPops=30_NumInd=60Bayenv2LFMMpca.Cpval","Neutral","MCD 0.75",0.0724899227876414,0.0772801804079895,0.75,"MCD"
"195","2R_R30_1351142954_453_2_NumPops=30_NumInd=60Bayenv2LFMMpca.Cpval","Neutral","MCD 0.90",0.012364407378065,0.0544500073334703,0.9,"MCD"
"196","2R_R30_1351142954_453_2_NumPops=30_NumInd=60Bayenv2LFMMpca.Cpval","Neutral","PCS 0.51",10.9198017299425,0.472618234855111,0.51,"PCS"
"197","2R_R30_1351142954_453_2_NumPops=30_NumInd=60Bayenv2LFMMpca.Cpval","Neutral","PCS 0.75",4.76766441857251,0.19298966648444,0.75,"PCS"
"198","2R_R30_1351142954_453_2_NumPops=30_NumInd=60Bayenv2LFMMpca.Cpval","Neutral","PCS 0.90",1.14439232700359,0.0369354872743861,0.9,"PCS"
"199","2R_R30_1351142954_453_2_NumPops=30_NumInd=60Bayenv2LFMMpca.Cpval","All","Neutral",2312.98929390115,0.29087113868542,NA,NA
"200","2R_R30_1351142954_453_2_NumPops=30_NumInd=60Bayenv2LFMMpca.Cpval","All","MCD 0.75",2289.14971315798,0.666294480623643,0.75,"MCD"
"201","2R_R30_1351142954_453_2_NumPops=30_NumInd=60Bayenv2LFMMpca.Cpval","All","MCD 0.90",2322.03502516526,0.596135278404875,0.9,"MCD"
"202","2R_R30_1351142970_988_6_NumPops=30_NumInd=20Bayenv2LFMMpca.Cpval","Neutral","All",1.70818464402453,0.0105762011813548,NA,NA
"203","2R_R30_1351142970_988_6_NumPops=30_NumInd=20Bayenv2LFMMpca.Cpval","Neutral","MCD 0.51",0.0232124975730332,0.0755338910212832,0.51,"MCD"
"204","2R_R30_1351142970_988_6_NumPops=30_NumInd=20Bayenv2LFMMpca.Cpval","Neutral","MCD 0.75",0.0536571934168436,0.0499406768587263,0.75,"MCD"
"205","2R_R30_1351142970_988_6_NumPops=30_NumInd=20Bayenv2LFMMpca.Cpval","Neutral","MCD 0.90",0.104551248426085,0.0327425350836507,0.9,"MCD"
"206","2R_R30_1351142970_988_6_NumPops=30_NumInd=20Bayenv2LFMMpca.Cpval","Neutral","PCS 0.51",1.80766671833807,0.250452633889963,0.51,"PCS"
"207","2R_R30_1351142970_988_6_NumPops=30_NumInd=20Bayenv2LFMMpca.Cpval","Neutral","PCS 0.75",0.935331143299503,0.090983397514277,0.75,"PCS"
"208","2R_R30_1351142970_988_6_NumPops=30_NumInd=20Bayenv2LFMMpca.Cpval","Neutral","PCS 0.90",0.393281369318292,0.0239337739731883,0.9,"PCS"
"209","2R_R30_1351142970_988_6_NumPops=30_NumInd=20Bayenv2LFMMpca.Cpval","All","Neutral",1.70818464402453,0.0105762011813548,NA,NA
"210","2R_R30_1351142970_988_6_NumPops=30_NumInd=20Bayenv2LFMMpca.Cpval","All","MCD 0.75",2.33962160787775,0.104069818650259,0.75,"MCD"
"211","2R_R30_1351142970_988_6_NumPops=30_NumInd=20Bayenv2LFMMpca.Cpval","All","MCD 0.90",2.63859920538095,0.0795285588783212,0.9,"MCD"
"212","2R_R30_1351142970_988_6_NumPops=30_NumInd=60Bayenv2LFMMpca.Cpval","Neutral","All",849.996733398282,0.198905004862824,NA,NA
"213","2R_R30_1351142970_988_6_NumPops=30_NumInd=60Bayenv2LFMMpca.Cpval","Neutral","MCD 0.51",0.651690295852158,0.0938885109825095,0.51,"MCD"
"214","2R_R30_1351142970_988_6_NumPops=30_NumInd=60Bayenv2LFMMpca.Cpval","Neutral","MCD 0.75",0.269875239626516,0.056335803817346,0.75,"MCD"
"215","2R_R30_1351142970_988_6_NumPops=30_NumInd=60Bayenv2LFMMpca.Cpval","Neutral","MCD 0.90",0.00254593503909497,0.0405185092974926,0.9,"MCD"
"216","2R_R30_1351142970_988_6_NumPops=30_NumInd=60Bayenv2LFMMpca.Cpval","Neutral","PCS 0.51",11.5052238114058,0.518924886589975,0.51,"PCS"
"217","2R_R30_1351142970_988_6_NumPops=30_NumInd=60Bayenv2LFMMpca.Cpval","Neutral","PCS 0.75",4.07912697290239,0.150365173298287,0.75,"PCS"
"218","2R_R30_1351142970_988_6_NumPops=30_NumInd=60Bayenv2LFMMpca.Cpval","Neutral","PCS 0.90",0.954732797995125,0.0251300237087984,0.9,"PCS"
"219","2R_R30_1351142970_988_6_NumPops=30_NumInd=60Bayenv2LFMMpca.Cpval","All","Neutral",849.996733398282,0.198905004862824,NA,NA
"220","2R_R30_1351142970_988_6_NumPops=30_NumInd=60Bayenv2LFMMpca.Cpval","All","MCD 0.75",820.326084877733,0.465209684042789,0.75,"MCD"
"221","2R_R30_1351142970_988_6_NumPops=30_NumInd=60Bayenv2LFMMpca.Cpval","All","MCD 0.90",848.145108346813,0.417915234286304,0.9,"MCD"
"222","2R_R30_1351142986_950_10_NumPops=30_NumInd=20Bayenv2LFMMpca.Cpval","Neutral","All",1.89769915197077,0.00958028425813949,NA,NA
"223","2R_R30_1351142986_950_10_NumPops=30_NumInd=20Bayenv2LFMMpca.Cpval","Neutral","MCD 0.51",0.01148297765808,0.0769048678589285,0.51,"MCD"
"224","2R_R30_1351142986_950_10_NumPops=30_NumInd=20Bayenv2LFMMpca.Cpval","Neutral","MCD 0.75",0.00848334703338034,0.0465095742721394,0.75,"MCD"
"225","2R_R30_1351142986_950_10_NumPops=30_NumInd=20Bayenv2LFMMpca.Cpval","Neutral","MCD 0.90",0.0228112979694127,0.0288567657792731,0.9,"MCD"
"226","2R_R30_1351142986_950_10_NumPops=30_NumInd=20Bayenv2LFMMpca.Cpval","Neutral","PCS 0.51",1.87704948243625,0.309506955257555,0.51,"PCS"
"227","2R_R30_1351142986_950_10_NumPops=30_NumInd=20Bayenv2LFMMpca.Cpval","Neutral","PCS 0.75",0.674190574511299,0.088446861902608,0.75,"PCS"
"228","2R_R30_1351142986_950_10_NumPops=30_NumInd=20Bayenv2LFMMpca.Cpval","Neutral","PCS 0.90",0.236799414451164,0.0208625656464137,0.9,"PCS"
"229","2R_R30_1351142986_950_10_NumPops=30_NumInd=20Bayenv2LFMMpca.Cpval","All","Neutral",1.89769915197077,0.00958028425813949,NA,NA
"230","2R_R30_1351142986_950_10_NumPops=30_NumInd=20Bayenv2LFMMpca.Cpval","All","MCD 0.75",2.06743883993245,0.0978112347146601,0.75,"MCD"
"231","2R_R30_1351142986_950_10_NumPops=30_NumInd=20Bayenv2LFMMpca.Cpval","All","MCD 0.90",2.32308730434304,0.0713472356766545,0.9,"MCD"
"232","2R_R30_1351142986_950_10_NumPops=30_NumInd=60Bayenv2LFMMpca.Cpval","Neutral","All",1127.75750782872,0.224365273862499,NA,NA
"233","2R_R30_1351142986_950_10_NumPops=30_NumInd=60Bayenv2LFMMpca.Cpval","Neutral","MCD 0.51",1.50966277555462,0.140173249878508,0.51,"MCD"
"234","2R_R30_1351142986_950_10_NumPops=30_NumInd=60Bayenv2LFMMpca.Cpval","Neutral","MCD 0.75",0.376017314080108,0.0926586708168788,0.75,"MCD"
"235","2R_R30_1351142986_950_10_NumPops=30_NumInd=60Bayenv2LFMMpca.Cpval","Neutral","MCD 0.90",0.00690596538492219,0.0637690274203549,0.9,"MCD"
"236","2R_R30_1351142986_950_10_NumPops=30_NumInd=60Bayenv2LFMMpca.Cpval","Neutral","PCS 0.51",11.8645580376077,0.548428538563115,0.51,"PCS"
"237","2R_R30_1351142986_950_10_NumPops=30_NumInd=60Bayenv2LFMMpca.Cpval","Neutral","PCS 0.75",3.88316090035014,0.165704945600038,0.75,"PCS"
"238","2R_R30_1351142986_950_10_NumPops=30_NumInd=60Bayenv2LFMMpca.Cpval","Neutral","PCS 0.90",0.900405208418846,0.032605678111136,0.9,"PCS"
"239","2R_R30_1351142986_950_10_NumPops=30_NumInd=60Bayenv2LFMMpca.Cpval","All","Neutral",1127.75750782872,0.224365273862499,NA,NA
"240","2R_R30_1351142986_950_10_NumPops=30_NumInd=60Bayenv2LFMMpca.Cpval","All","MCD 0.75",1088.01873207393,0.603040520341375,0.75,"MCD"
"241","2R_R30_1351142986_950_10_NumPops=30_NumInd=60Bayenv2LFMMpca.Cpval","All","MCD 0.90",1125.36056527661,0.526097456846862,0.9,"MCD"
"242","2R_R60_1351142954_453_2_NumPops=60_NumInd=20Bayenv2LFMMpca.Cpval","Neutral","All",1282.29718030943,0.228095204878173,NA,NA
"243","2R_R60_1351142954_453_2_NumPops=60_NumInd=20Bayenv2LFMMpca.Cpval","Neutral","MCD 0.51",0.220620901131924,0.0548204280740433,0.51,"MCD"
"244","2R_R60_1351142954_453_2_NumPops=60_NumInd=20Bayenv2LFMMpca.Cpval","Neutral","MCD 0.75",0.00698914337749645,0.0386502012195818,0.75,"MCD"
"245","2R_R60_1351142954_453_2_NumPops=60_NumInd=20Bayenv2LFMMpca.Cpval","Neutral","MCD 0.90",0.0597125223660413,0.0290880269368115,0.9,"MCD"
"246","2R_R60_1351142954_453_2_NumPops=60_NumInd=20Bayenv2LFMMpca.Cpval","Neutral","PCS 0.51",5.37135534089094,0.287788872487367,0.51,"PCS"
"247","2R_R60_1351142954_453_2_NumPops=60_NumInd=20Bayenv2LFMMpca.Cpval","Neutral","PCS 0.75",2.49975693647374,0.111189017572084,0.75,"PCS"
"248","2R_R60_1351142954_453_2_NumPops=60_NumInd=20Bayenv2LFMMpca.Cpval","Neutral","PCS 0.90",0.95131536856781,0.0316927941150339,0.9,"PCS"
"249","2R_R60_1351142954_453_2_NumPops=60_NumInd=20Bayenv2LFMMpca.Cpval","All","Neutral",1282.29718030943,0.228095204878173,NA,NA
"250","2R_R60_1351142954_453_2_NumPops=60_NumInd=20Bayenv2LFMMpca.Cpval","All","MCD 0.75",1281.22106617492,0.439956280152319,0.75,"MCD"
"251","2R_R60_1351142954_453_2_NumPops=60_NumInd=20Bayenv2LFMMpca.Cpval","All","MCD 0.90",1299.43883715105,0.413053266633291,0.9,"MCD"
"252","2R_R60_1351142954_453_2_NumPops=60_NumInd=30Bayenv2LFMMpca.Cpval","Neutral","All",2153.64744327303,0.295016460637706,NA,NA
"253","2R_R60_1351142954_453_2_NumPops=60_NumInd=30Bayenv2LFMMpca.Cpval","Neutral","MCD 0.51",1.11376636558301,0.0972678978209194,0.51,"MCD"
"254","2R_R60_1351142954_453_2_NumPops=60_NumInd=30Bayenv2LFMMpca.Cpval","Neutral","MCD 0.75",0.507725337198999,0.0599797566495575,0.75,"MCD"
"255","2R_R60_1351142954_453_2_NumPops=60_NumInd=30Bayenv2LFMMpca.Cpval","Neutral","MCD 0.90",0.029398840296767,0.0409450916033938,0.9,"MCD"
"256","2R_R60_1351142954_453_2_NumPops=60_NumInd=30Bayenv2LFMMpca.Cpval","Neutral","PCS 0.51",14.2353132233268,0.382619939423534,0.51,"PCS"
"257","2R_R60_1351142954_453_2_NumPops=60_NumInd=30Bayenv2LFMMpca.Cpval","Neutral","PCS 0.75",4.62270708237826,0.13994929636249,0.75,"PCS"
"258","2R_R60_1351142954_453_2_NumPops=60_NumInd=30Bayenv2LFMMpca.Cpval","Neutral","PCS 0.90",0.976616987207314,0.0299647144056796,0.9,"PCS"
"259","2R_R60_1351142954_453_2_NumPops=60_NumInd=30Bayenv2LFMMpca.Cpval","All","Neutral",2153.64744327303,0.295016460637706,NA,NA
"260","2R_R60_1351142954_453_2_NumPops=60_NumInd=30Bayenv2LFMMpca.Cpval","All","MCD 0.75",2089.30032235593,0.617792594187128,0.75,"MCD"
"261","2R_R60_1351142954_453_2_NumPops=60_NumInd=30Bayenv2LFMMpca.Cpval","All","MCD 0.90",2139.47069189875,0.554333200288288,0.9,"MCD"
"262","2R_R60_1351142970_988_6_NumPops=60_NumInd=20Bayenv2LFMMpca.Cpval","Neutral","All",772.717764705697,0.192828345057194,NA,NA
"263","2R_R60_1351142970_988_6_NumPops=60_NumInd=20Bayenv2LFMMpca.Cpval","Neutral","MCD 0.51",0.0474132034207439,0.0749633381913924,0.51,"MCD"
"264","2R_R60_1351142970_988_6_NumPops=60_NumInd=20Bayenv2LFMMpca.Cpval","Neutral","MCD 0.75",0.00721651908289153,0.0462155685078896,0.75,"MCD"
"265","2R_R60_1351142970_988_6_NumPops=60_NumInd=20Bayenv2LFMMpca.Cpval","Neutral","MCD 0.90",0.0395084986161955,0.0320231883644125,0.9,"MCD"
"266","2R_R60_1351142970_988_6_NumPops=60_NumInd=20Bayenv2LFMMpca.Cpval","Neutral","PCS 0.51",5.45196114336983,0.321143901422735,0.51,"PCS"
"267","2R_R60_1351142970_988_6_NumPops=60_NumInd=20Bayenv2LFMMpca.Cpval","Neutral","PCS 0.75",2.31931580302931,0.116872401416652,0.75,"PCS"
"268","2R_R60_1351142970_988_6_NumPops=60_NumInd=20Bayenv2LFMMpca.Cpval","Neutral","PCS 0.90",0.815900945524619,0.0273389204901431,0.9,"PCS"
"269","2R_R60_1351142970_988_6_NumPops=60_NumInd=20Bayenv2LFMMpca.Cpval","All","Neutral",772.717764705697,0.192828345057194,NA,NA
"270","2R_R60_1351142970_988_6_NumPops=60_NumInd=20Bayenv2LFMMpca.Cpval","All","MCD 0.75",773.09981138069,0.420278233538693,0.75,"MCD"
"271","2R_R60_1351142970_988_6_NumPops=60_NumInd=20Bayenv2LFMMpca.Cpval","All","MCD 0.90",783.345959008308,0.377190457117436,0.9,"MCD"
"272","2R_R60_1351142970_988_6_NumPops=60_NumInd=30Bayenv2LFMMpca.Cpval","Neutral","All",1390.65510041896,0.255825697239001,NA,NA
"273","2R_R60_1351142970_988_6_NumPops=60_NumInd=30Bayenv2LFMMpca.Cpval","Neutral","MCD 0.51",1.48495746356519,0.0676832710528672,0.51,"MCD"
"274","2R_R60_1351142970_988_6_NumPops=60_NumInd=30Bayenv2LFMMpca.Cpval","Neutral","MCD 0.75",0.540313629986541,0.0436530370090323,0.75,"MCD"
"275","2R_R60_1351142970_988_6_NumPops=60_NumInd=30Bayenv2LFMMpca.Cpval","Neutral","MCD 0.90",0.0253895731130851,0.0316919275976112,0.9,"MCD"
"276","2R_R60_1351142970_988_6_NumPops=60_NumInd=30Bayenv2LFMMpca.Cpval","Neutral","PCS 0.51",13.1661136458378,0.260440488686162,0.51,"PCS"
"277","2R_R60_1351142970_988_6_NumPops=60_NumInd=30Bayenv2LFMMpca.Cpval","Neutral","PCS 0.75",4.45826519921546,0.103386437406253,0.75,"PCS"
"278","2R_R60_1351142970_988_6_NumPops=60_NumInd=30Bayenv2LFMMpca.Cpval","Neutral","PCS 0.90",1.32324040449261,0.026109505983207,0.9,"PCS"
"279","2R_R60_1351142970_988_6_NumPops=60_NumInd=30Bayenv2LFMMpca.Cpval","All","Neutral",1390.65510041896,0.255825697239001,NA,NA
"280","2R_R60_1351142970_988_6_NumPops=60_NumInd=30Bayenv2LFMMpca.Cpval","All","MCD 0.75",1337.09048780821,0.507032575788308,0.75,"MCD"
"281","2R_R60_1351142970_988_6_NumPops=60_NumInd=30Bayenv2LFMMpca.Cpval","All","MCD 0.90",1379.76747727029,0.465445389226813,0.9,"MCD"
"282","2R_R60_1351142986_950_10_NumPops=60_NumInd=20Bayenv2LFMMpca.Cpval","Neutral","All",952.391056939112,0.212998423904737,NA,NA
"283","2R_R60_1351142986_950_10_NumPops=60_NumInd=20Bayenv2LFMMpca.Cpval","Neutral","MCD 0.51",0.800359212743849,0.0632114650442281,0.51,"MCD"
"284","2R_R60_1351142986_950_10_NumPops=60_NumInd=20Bayenv2LFMMpca.Cpval","Neutral","MCD 0.75",0.192510770499059,0.0411626037397085,0.75,"MCD"
"285","2R_R60_1351142986_950_10_NumPops=60_NumInd=20Bayenv2LFMMpca.Cpval","Neutral","MCD 0.90",0.00178592414698557,0.02679060274466,0.9,"MCD"
"286","2R_R60_1351142986_950_10_NumPops=60_NumInd=20Bayenv2LFMMpca.Cpval","Neutral","PCS 0.51",3.89214440007161,0.278324365309951,0.51,"PCS"
"287","2R_R60_1351142986_950_10_NumPops=60_NumInd=20Bayenv2LFMMpca.Cpval","Neutral","PCS 0.75",1.27668520282825,0.0792055338017366,0.75,"PCS"
"288","2R_R60_1351142986_950_10_NumPops=60_NumInd=20Bayenv2LFMMpca.Cpval","Neutral","PCS 0.90",0.386921903526526,0.0150028516631504,0.9,"PCS"
"289","2R_R60_1351142986_950_10_NumPops=60_NumInd=20Bayenv2LFMMpca.Cpval","All","Neutral",952.391056939112,0.212998423904737,NA,NA
"290","2R_R60_1351142986_950_10_NumPops=60_NumInd=20Bayenv2LFMMpca.Cpval","All","MCD 0.75",926.08182803198,0.433274977654763,0.75,"MCD"
"291","2R_R60_1351142986_950_10_NumPops=60_NumInd=20Bayenv2LFMMpca.Cpval","All","MCD 0.90",951.670404490195,0.386950907967972,0.9,"MCD"
"292","2R_R60_1351142986_950_10_NumPops=60_NumInd=30Bayenv2LFMMpca.Cpval","Neutral","All",1844.00364977271,0.301289721072226,NA,NA
"293","2R_R60_1351142986_950_10_NumPops=60_NumInd=30Bayenv2LFMMpca.Cpval","Neutral","MCD 0.51",2.96610983465648,0.0680539101662717,0.51,"MCD"
"294","2R_R60_1351142986_950_10_NumPops=60_NumInd=30Bayenv2LFMMpca.Cpval","Neutral","MCD 0.75",1.09592358868806,0.0374736235314164,0.75,"MCD"
"295","2R_R60_1351142986_950_10_NumPops=60_NumInd=30Bayenv2LFMMpca.Cpval","Neutral","MCD 0.90",0.166067921077231,0.0275076531387325,0.9,"MCD"
"296","2R_R60_1351142986_950_10_NumPops=60_NumInd=30Bayenv2LFMMpca.Cpval","Neutral","PCS 0.51",9.16202467704407,0.27742409086251,0.51,"PCS"
"297","2R_R60_1351142986_950_10_NumPops=60_NumInd=30Bayenv2LFMMpca.Cpval","Neutral","PCS 0.75",2.7743229714247,0.0967785916092068,0.75,"PCS"
"298","2R_R60_1351142986_950_10_NumPops=60_NumInd=30Bayenv2LFMMpca.Cpval","Neutral","PCS 0.90",0.682434111018993,0.0171639618467549,0.9,"PCS"
"299","2R_R60_1351142986_950_10_NumPops=60_NumInd=30Bayenv2LFMMpca.Cpval","All","Neutral",1844.00364977271,0.301289721072226,NA,NA
"300","2R_R60_1351142986_950_10_NumPops=60_NumInd=30Bayenv2LFMMpca.Cpval","All","MCD 0.75",1756.00012623404,0.546838055699153,0.75,"MCD"
"301","2R_R60_1351142986_950_10_NumPops=60_NumInd=30Bayenv2LFMMpca.Cpval","All","MCD 0.90",1809.74318473699,0.508470210845939,0.9,"MCD"
"302","2R_R90_1351142954_453_2_NumPops=90_NumInd=20Bayenv2LFMMpca.Cpval","Neutral","All",2049.30431005069,0.298365514162771,NA,NA
"303","2R_R90_1351142954_453_2_NumPops=90_NumInd=20Bayenv2LFMMpca.Cpval","Neutral","MCD 0.51",1.68091117312852,0.0739172920942116,0.51,"MCD"
"304","2R_R90_1351142954_453_2_NumPops=90_NumInd=20Bayenv2LFMMpca.Cpval","Neutral","MCD 0.75",0.771882280109339,0.0450655195341658,0.75,"MCD"
"305","2R_R90_1351142954_453_2_NumPops=90_NumInd=20Bayenv2LFMMpca.Cpval","Neutral","MCD 0.90",0.159754914110621,0.0297394349847058,0.9,"MCD"
"306","2R_R90_1351142954_453_2_NumPops=90_NumInd=20Bayenv2LFMMpca.Cpval","Neutral","PCS 0.51",14.6850367782586,0.334705111150095,0.51,"PCS"
"307","2R_R90_1351142954_453_2_NumPops=90_NumInd=20Bayenv2LFMMpca.Cpval","Neutral","PCS 0.75",4.57986546659565,0.102762129127665,0.75,"PCS"
"308","2R_R90_1351142954_453_2_NumPops=90_NumInd=20Bayenv2LFMMpca.Cpval","Neutral","PCS 0.90",1.05260824302715,0.0230490159562075,0.9,"PCS"
"309","2R_R90_1351142954_453_2_NumPops=90_NumInd=20Bayenv2LFMMpca.Cpval","All","Neutral",2049.30431005069,0.298365514162771,NA,NA
"310","2R_R90_1351142954_453_2_NumPops=90_NumInd=20Bayenv2LFMMpca.Cpval","All","MCD 0.75",1971.52262910353,0.567525319485374,0.75,"MCD"
"311","2R_R90_1351142954_453_2_NumPops=90_NumInd=20Bayenv2LFMMpca.Cpval","All","MCD 0.90",2013.97374208709,0.511650718013393,0.9,"MCD"
"312","2R_R90_1351142954_453_2_NumPops=90_NumInd=6Bayenv2LFMMpca.Cpval","Neutral","All",5.41805148557469,0.0169136495122474,NA,NA
"313","2R_R90_1351142954_453_2_NumPops=90_NumInd=6Bayenv2LFMMpca.Cpval","Neutral","MCD 0.51",0.0574217408381115,0.0561402672879312,0.51,"MCD"
"314","2R_R90_1351142954_453_2_NumPops=90_NumInd=6Bayenv2LFMMpca.Cpval","Neutral","MCD 0.75",0.00987980036643387,0.0354989255452646,0.75,"MCD"
"315","2R_R90_1351142954_453_2_NumPops=90_NumInd=6Bayenv2LFMMpca.Cpval","Neutral","MCD 0.90",0.0284689863447466,0.0235440755475772,0.9,"MCD"
"316","2R_R90_1351142954_453_2_NumPops=90_NumInd=6Bayenv2LFMMpca.Cpval","Neutral","PCS 0.51",1.81192646896779,0.242237527721143,0.51,"PCS"
"317","2R_R90_1351142954_453_2_NumPops=90_NumInd=6Bayenv2LFMMpca.Cpval","Neutral","PCS 0.75",0.784027443661367,0.0875245712156994,0.75,"PCS"
"318","2R_R90_1351142954_453_2_NumPops=90_NumInd=6Bayenv2LFMMpca.Cpval","Neutral","PCS 0.90",0.313663773667037,0.0219721195018964,0.9,"PCS"
"319","2R_R90_1351142954_453_2_NumPops=90_NumInd=6Bayenv2LFMMpca.Cpval","All","Neutral",5.41805148557469,0.0169136495122474,NA,NA
"320","2R_R90_1351142954_453_2_NumPops=90_NumInd=6Bayenv2LFMMpca.Cpval","All","MCD 0.75",5.76063484432575,0.0985081947600304,0.75,"MCD"
"321","2R_R90_1351142954_453_2_NumPops=90_NumInd=6Bayenv2LFMMpca.Cpval","All","MCD 0.90",6.02817620742544,0.0777192204123427,0.9,"MCD"
"322","2R_R90_1351142970_988_6_NumPops=90_NumInd=20Bayenv2LFMMpca.Cpval","Neutral","All",1348.54910750696,0.249605428055905,NA,NA
"323","2R_R90_1351142970_988_6_NumPops=90_NumInd=20Bayenv2LFMMpca.Cpval","Neutral","MCD 0.51",2.38195712359795,0.0620509401335749,0.51,"MCD"
"324","2R_R90_1351142970_988_6_NumPops=90_NumInd=20Bayenv2LFMMpca.Cpval","Neutral","MCD 0.75",1.08852560442188,0.0352881385938844,0.75,"MCD"
"325","2R_R90_1351142970_988_6_NumPops=90_NumInd=20Bayenv2LFMMpca.Cpval","Neutral","MCD 0.90",0.137192467901752,0.0241690835026059,0.9,"MCD"
"326","2R_R90_1351142970_988_6_NumPops=90_NumInd=20Bayenv2LFMMpca.Cpval","Neutral","PCS 0.51",14.4345409314532,0.337923051472486,0.51,"PCS"
"327","2R_R90_1351142970_988_6_NumPops=90_NumInd=20Bayenv2LFMMpca.Cpval","Neutral","PCS 0.75",4.44085350101403,0.0893128870025107,0.75,"PCS"
"328","2R_R90_1351142970_988_6_NumPops=90_NumInd=20Bayenv2LFMMpca.Cpval","Neutral","PCS 0.90",0.971532932758572,0.0157589864598188,0.9,"PCS"
"329","2R_R90_1351142970_988_6_NumPops=90_NumInd=20Bayenv2LFMMpca.Cpval","All","Neutral",1348.54910750696,0.249605428055905,NA,NA
"330","2R_R90_1351142970_988_6_NumPops=90_NumInd=20Bayenv2LFMMpca.Cpval","All","MCD 0.75",1273.61727109153,0.464139798961371,0.75,"MCD"
"331","2R_R90_1351142970_988_6_NumPops=90_NumInd=20Bayenv2LFMMpca.Cpval","All","MCD 0.90",1322.10621089883,0.424074924315809,0.9,"MCD"
"332","2R_R90_1351142970_988_6_NumPops=90_NumInd=6Bayenv2LFMMpca.Cpval","Neutral","All",1.46075739669974,0.00950935297007342,NA,NA
"333","2R_R90_1351142970_988_6_NumPops=90_NumInd=6Bayenv2LFMMpca.Cpval","Neutral","MCD 0.51",0.0191279054769523,0.0615743195832744,0.51,"MCD"
"334","2R_R90_1351142970_988_6_NumPops=90_NumInd=6Bayenv2LFMMpca.Cpval","Neutral","MCD 0.75",0.0144334534542003,0.0419805130026623,0.75,"MCD"
"335","2R_R90_1351142970_988_6_NumPops=90_NumInd=6Bayenv2LFMMpca.Cpval","Neutral","MCD 0.90",0.051740373920349,0.0297112820141498,0.9,"MCD"
"336","2R_R90_1351142970_988_6_NumPops=90_NumInd=6Bayenv2LFMMpca.Cpval","Neutral","PCS 0.51",1.75001227428153,0.264471509604502,0.51,"PCS"
"337","2R_R90_1351142970_988_6_NumPops=90_NumInd=6Bayenv2LFMMpca.Cpval","Neutral","PCS 0.75",0.879447166281395,0.0922114842559627,0.75,"PCS"
"338","2R_R90_1351142970_988_6_NumPops=90_NumInd=6Bayenv2LFMMpca.Cpval","Neutral","PCS 0.90",0.361918802414077,0.0236800614867644,0.9,"PCS"
"339","2R_R90_1351142970_988_6_NumPops=90_NumInd=6Bayenv2LFMMpca.Cpval","All","Neutral",1.46075739669974,0.00950935297007342,NA,NA
"340","2R_R90_1351142970_988_6_NumPops=90_NumInd=6Bayenv2LFMMpca.Cpval","All","MCD 0.75",1.73689688557367,0.0902318090805468,0.75,"MCD"
"341","2R_R90_1351142970_988_6_NumPops=90_NumInd=6Bayenv2LFMMpca.Cpval","All","MCD 0.90",2.00626106990895,0.0720172719335564,0.9,"MCD"
"342","2R_R90_1351142986_950_10_NumPops=90_NumInd=20Bayenv2LFMMpca.Cpval","Neutral","All",1520.15636159597,0.263961737327138,NA,NA
"343","2R_R90_1351142986_950_10_NumPops=90_NumInd=20Bayenv2LFMMpca.Cpval","Neutral","MCD 0.51",7.21476807099749,0.0399663773894315,0.51,"MCD"
"344","2R_R90_1351142986_950_10_NumPops=90_NumInd=20Bayenv2LFMMpca.Cpval","Neutral","MCD 0.75",2.03140406339941,0.02793346335288,0.75,"MCD"
"345","2R_R90_1351142986_950_10_NumPops=90_NumInd=20Bayenv2LFMMpca.Cpval","Neutral","MCD 0.90",0.463965270750626,0.0201410706638844,0.9,"MCD"
"346","2R_R90_1351142986_950_10_NumPops=90_NumInd=20Bayenv2LFMMpca.Cpval","Neutral","PCS 0.51",10.7466602343048,0.240994984613355,0.51,"PCS"
"347","2R_R90_1351142986_950_10_NumPops=90_NumInd=20Bayenv2LFMMpca.Cpval","Neutral","PCS 0.75",3.02268043845195,0.0795166158100776,0.75,"PCS"
"348","2R_R90_1351142986_950_10_NumPops=90_NumInd=20Bayenv2LFMMpca.Cpval","Neutral","PCS 0.90",0.520714934144487,0.0149770482034203,0.9,"PCS"
"349","2R_R90_1351142986_950_10_NumPops=90_NumInd=20Bayenv2LFMMpca.Cpval","All","Neutral",1520.15636159597,0.263961737327138,NA,NA
"350","2R_R90_1351142986_950_10_NumPops=90_NumInd=20Bayenv2LFMMpca.Cpval","All","MCD 0.75",1411.98514825508,0.457315604806708,0.75,"MCD"
"351","2R_R90_1351142986_950_10_NumPops=90_NumInd=20Bayenv2LFMMpca.Cpval","All","MCD 0.90",1468.17219135118,0.426301924265142,0.9,"MCD"
"352","2R_R90_1351142986_950_10_NumPops=90_NumInd=6Bayenv2LFMMpca.Cpval","Neutral","All",1.37199954180389,0.00813390029847782,NA,NA
"353","2R_R90_1351142986_950_10_NumPops=90_NumInd=6Bayenv2LFMMpca.Cpval","Neutral","MCD 0.51",0.054239639005013,0.0603200160742217,0.51,"MCD"
"354","2R_R90_1351142986_950_10_NumPops=90_NumInd=6Bayenv2LFMMpca.Cpval","Neutral","MCD 0.75",0.00873119280715008,0.0406777075957165,0.75,"MCD"
"355","2R_R90_1351142986_950_10_NumPops=90_NumInd=6Bayenv2LFMMpca.Cpval","Neutral","MCD 0.90",0.0393128972803236,0.0276823132626407,0.9,"MCD"
"356","2R_R90_1351142986_950_10_NumPops=90_NumInd=6Bayenv2LFMMpca.Cpval","Neutral","PCS 0.51",1.64841797237662,0.210088233315464,0.51,"PCS"
"357","2R_R90_1351142986_950_10_NumPops=90_NumInd=6Bayenv2LFMMpca.Cpval","Neutral","PCS 0.75",0.805282319808844,0.0807741891248346,0.75,"PCS"
"358","2R_R90_1351142986_950_10_NumPops=90_NumInd=6Bayenv2LFMMpca.Cpval","Neutral","PCS 0.90",0.332082243884494,0.0206722838097434,0.9,"PCS"
"359","2R_R90_1351142986_950_10_NumPops=90_NumInd=6Bayenv2LFMMpca.Cpval","All","Neutral",1.37199954180389,0.00813390029847782,NA,NA
"360","2R_R90_1351142986_950_10_NumPops=90_NumInd=6Bayenv2LFMMpca.Cpval","All","MCD 0.75",1.53203041008625,0.0830700286698905,0.75,"MCD"
"361","2R_R90_1351142986_950_10_NumPops=90_NumInd=6Bayenv2LFMMpca.Cpval","All","MCD 0.90",1.77660392388599,0.0641172282501482,0.9,"MCD"
"362","IBD_R30_1351142954_453_3_NumPops=30_NumInd=20Bayenv2LFMMpca.Cpval","Neutral","All",495.551586693937,0.198496480767989,NA,NA
"363","IBD_R30_1351142954_453_3_NumPops=30_NumInd=20Bayenv2LFMMpca.Cpval","Neutral","MCD 0.51",0.18827656056388,0.0527068579380788,0.51,"MCD"
"364","IBD_R30_1351142954_453_3_NumPops=30_NumInd=20Bayenv2LFMMpca.Cpval","Neutral","MCD 0.75",0.0732521144590778,0.0308131741576278,0.75,"MCD"
"365","IBD_R30_1351142954_453_3_NumPops=30_NumInd=20Bayenv2LFMMpca.Cpval","Neutral","MCD 0.90",0.0314049374265387,0.0183782455065287,0.9,"MCD"
"366","IBD_R30_1351142954_453_3_NumPops=30_NumInd=20Bayenv2LFMMpca.Cpval","Neutral","PCS 0.51",0.609103016130317,0.244900561031757,0.51,"PCS"
"367","IBD_R30_1351142954_453_3_NumPops=30_NumInd=20Bayenv2LFMMpca.Cpval","Neutral","PCS 0.75",0.201420629835127,0.0704808521426602,0.75,"PCS"
"368","IBD_R30_1351142954_453_3_NumPops=30_NumInd=20Bayenv2LFMMpca.Cpval","Neutral","PCS 0.90",0.06123864532746,0.0164855652205403,0.9,"PCS"
"369","IBD_R30_1351142954_453_3_NumPops=30_NumInd=20Bayenv2LFMMpca.Cpval","All","Neutral",495.551586693937,0.198496480767989,NA,NA
"370","IBD_R30_1351142954_453_3_NumPops=30_NumInd=20Bayenv2LFMMpca.Cpval","All","MCD 0.75",485.999944792942,0.338617786617389,0.75,"MCD"
"371","IBD_R30_1351142954_453_3_NumPops=30_NumInd=20Bayenv2LFMMpca.Cpval","All","MCD 0.90",490.763553210093,0.303708818347701,0.9,"MCD"
"372","IBD_R30_1351142954_453_3_NumPops=30_NumInd=60Bayenv2LFMMpca.Cpval","Neutral","All",990.921092104111,0.273157344858353,NA,NA
"373","IBD_R30_1351142954_453_3_NumPops=30_NumInd=60Bayenv2LFMMpca.Cpval","Neutral","MCD 0.51",27.0936623620352,0.157121672355035,0.51,"MCD"
"374","IBD_R30_1351142954_453_3_NumPops=30_NumInd=60Bayenv2LFMMpca.Cpval","Neutral","MCD 0.75",8.07179007083296,0.108519789889608,0.75,"MCD"
"375","IBD_R30_1351142954_453_3_NumPops=30_NumInd=60Bayenv2LFMMpca.Cpval","Neutral","MCD 0.90",1.50950019177329,0.0660379829693601,0.9,"MCD"
"376","IBD_R30_1351142954_453_3_NumPops=30_NumInd=60Bayenv2LFMMpca.Cpval","Neutral","PCS 0.51",13.8579058415869,0.577221972307551,0.51,"PCS"
"377","IBD_R30_1351142954_453_3_NumPops=30_NumInd=60Bayenv2LFMMpca.Cpval","Neutral","PCS 0.75",4.53958607181859,0.182104439655804,0.75,"PCS"
"378","IBD_R30_1351142954_453_3_NumPops=30_NumInd=60Bayenv2LFMMpca.Cpval","Neutral","PCS 0.90",1.16080213924016,0.0408875599150036,0.9,"PCS"
"379","IBD_R30_1351142954_453_3_NumPops=30_NumInd=60Bayenv2LFMMpca.Cpval","All","Neutral",990.921092104111,0.273157344858353,NA,NA
"380","IBD_R30_1351142954_453_3_NumPops=30_NumInd=60Bayenv2LFMMpca.Cpval","All","MCD 0.75",821.940309303644,0.716451859040058,0.75,"MCD"
"381","IBD_R30_1351142954_453_3_NumPops=30_NumInd=60Bayenv2LFMMpca.Cpval","All","MCD 0.90",916.545375753952,0.602245765962728,0.9,"MCD"
"382","IBD_R30_1351142970_988_7_NumPops=30_NumInd=20Bayenv2LFMMpca.Cpval","Neutral","All",486.191749581125,0.19621550767928,NA,NA
"383","IBD_R30_1351142970_988_7_NumPops=30_NumInd=20Bayenv2LFMMpca.Cpval","Neutral","MCD 0.51",0.18119283427256,0.0591260344799288,0.51,"MCD"
"384","IBD_R30_1351142970_988_7_NumPops=30_NumInd=20Bayenv2LFMMpca.Cpval","Neutral","MCD 0.75",0.0750300768732845,0.0325386408310637,0.75,"MCD"
"385","IBD_R30_1351142970_988_7_NumPops=30_NumInd=20Bayenv2LFMMpca.Cpval","Neutral","MCD 0.90",0.0189281546816413,0.0195047245176364,0.9,"MCD"
"386","IBD_R30_1351142970_988_7_NumPops=30_NumInd=20Bayenv2LFMMpca.Cpval","Neutral","PCS 0.51",0.739602272962278,0.238331102168244,0.51,"PCS"
"387","IBD_R30_1351142970_988_7_NumPops=30_NumInd=20Bayenv2LFMMpca.Cpval","Neutral","PCS 0.75",0.193299508962469,0.065163226611969,0.75,"PCS"
"388","IBD_R30_1351142970_988_7_NumPops=30_NumInd=20Bayenv2LFMMpca.Cpval","Neutral","PCS 0.90",0.0470808816038991,0.0135293935274224,0.9,"PCS"
"389","IBD_R30_1351142970_988_7_NumPops=30_NumInd=20Bayenv2LFMMpca.Cpval","All","Neutral",486.191749581125,0.19621550767928,NA,NA
"390","IBD_R30_1351142970_988_7_NumPops=30_NumInd=20Bayenv2LFMMpca.Cpval","All","MCD 0.75",474.894720827978,0.342501623175452,0.75,"MCD"
"391","IBD_R30_1351142970_988_7_NumPops=30_NumInd=20Bayenv2LFMMpca.Cpval","All","MCD 0.90",481.077334733502,0.312251492077939,0.9,"MCD"
"392","IBD_R30_1351142970_988_7_NumPops=30_NumInd=60Bayenv2LFMMpca.Cpval","Neutral","All",856.127623190995,0.262277596021889,NA,NA
"393","IBD_R30_1351142970_988_7_NumPops=30_NumInd=60Bayenv2LFMMpca.Cpval","Neutral","MCD 0.51",31.1647913832409,0.1137899594326,0.51,"MCD"
"394","IBD_R30_1351142970_988_7_NumPops=30_NumInd=60Bayenv2LFMMpca.Cpval","Neutral","MCD 0.75",7.30822081541662,0.0934501726377991,0.75,"MCD"
"395","IBD_R30_1351142970_988_7_NumPops=30_NumInd=60Bayenv2LFMMpca.Cpval","Neutral","MCD 0.90",1.28836825810983,0.060751093127397,0.9,"MCD"
"396","IBD_R30_1351142970_988_7_NumPops=30_NumInd=60Bayenv2LFMMpca.Cpval","Neutral","PCS 0.51",12.0483430129997,0.369583323556792,0.51,"PCS"
"397","IBD_R30_1351142970_988_7_NumPops=30_NumInd=60Bayenv2LFMMpca.Cpval","Neutral","PCS 0.75",4.10315590862543,0.14205947290026,0.75,"PCS"
"398","IBD_R30_1351142970_988_7_NumPops=30_NumInd=60Bayenv2LFMMpca.Cpval","Neutral","PCS 0.90",1.17045011813566,0.0376728983384562,0.9,"PCS"
"399","IBD_R30_1351142970_988_7_NumPops=30_NumInd=60Bayenv2LFMMpca.Cpval","All","Neutral",856.127623190995,0.262277596021889,NA,NA
"400","IBD_R30_1351142970_988_7_NumPops=30_NumInd=60Bayenv2LFMMpca.Cpval","All","MCD 0.75",706.107897480748,0.656190074348886,0.75,"MCD"
"401","IBD_R30_1351142970_988_7_NumPops=30_NumInd=60Bayenv2LFMMpca.Cpval","All","MCD 0.90",791.853475723552,0.568176962289044,0.9,"MCD"
"402","IBD_R30_1351142986_950_11_NumPops=30_NumInd=20Bayenv2LFMMpca.Cpval","Neutral","All",350.647352322705,0.16873328519112,NA,NA
"403","IBD_R30_1351142986_950_11_NumPops=30_NumInd=20Bayenv2LFMMpca.Cpval","Neutral","MCD 0.51",0.0856601624192492,0.0741294724139597,0.51,"MCD"
"404","IBD_R30_1351142986_950_11_NumPops=30_NumInd=20Bayenv2LFMMpca.Cpval","Neutral","MCD 0.75",0.0480822185445135,0.0434014779543445,0.75,"MCD"
"405","IBD_R30_1351142986_950_11_NumPops=30_NumInd=20Bayenv2LFMMpca.Cpval","Neutral","MCD 0.90",0.0129834714840728,0.0229443477641735,0.9,"MCD"
"406","IBD_R30_1351142986_950_11_NumPops=30_NumInd=20Bayenv2LFMMpca.Cpval","Neutral","PCS 0.51",0.858369306781393,0.268274195736705,0.51,"PCS"
"407","IBD_R30_1351142986_950_11_NumPops=30_NumInd=20Bayenv2LFMMpca.Cpval","Neutral","PCS 0.75",0.294652943771776,0.0850859803468659,0.75,"PCS"
"408","IBD_R30_1351142986_950_11_NumPops=30_NumInd=20Bayenv2LFMMpca.Cpval","Neutral","PCS 0.90",0.0830692011404195,0.0183626085967361,0.9,"PCS"
"409","IBD_R30_1351142986_950_11_NumPops=30_NumInd=20Bayenv2LFMMpca.Cpval","All","Neutral",350.647352322705,0.16873328519112,NA,NA
"410","IBD_R30_1351142986_950_11_NumPops=30_NumInd=20Bayenv2LFMMpca.Cpval","All","MCD 0.75",344.407445534553,0.346150594555886,0.75,"MCD"
"411","IBD_R30_1351142986_950_11_NumPops=30_NumInd=20Bayenv2LFMMpca.Cpval","All","MCD 0.90",349.010193935341,0.294343845822613,0.9,"MCD"
"412","IBD_R30_1351142986_950_11_NumPops=30_NumInd=60Bayenv2LFMMpca.Cpval","Neutral","All",949.471965729332,0.266909781720283,NA,NA
"413","IBD_R30_1351142986_950_11_NumPops=30_NumInd=60Bayenv2LFMMpca.Cpval","Neutral","MCD 0.51",25.0103324572379,0.160803476249513,0.51,"MCD"
"414","IBD_R30_1351142986_950_11_NumPops=30_NumInd=60Bayenv2LFMMpca.Cpval","Neutral","MCD 0.75",8.39430519359708,0.0933014495363,0.75,"MCD"
"415","IBD_R30_1351142986_950_11_NumPops=30_NumInd=60Bayenv2LFMMpca.Cpval","Neutral","MCD 0.90",1.30056932961294,0.0695947482485528,0.9,"MCD"
"416","IBD_R30_1351142986_950_11_NumPops=30_NumInd=60Bayenv2LFMMpca.Cpval","Neutral","PCS 0.51",16.4858017855217,0.508816744425316,0.51,"PCS"
"417","IBD_R30_1351142986_950_11_NumPops=30_NumInd=60Bayenv2LFMMpca.Cpval","Neutral","PCS 0.75",4.44757744039281,0.16391201302115,0.75,"PCS"
"418","IBD_R30_1351142986_950_11_NumPops=30_NumInd=60Bayenv2LFMMpca.Cpval","Neutral","PCS 0.90",1.26045116594187,0.0402962799840769,0.9,"PCS"
"419","IBD_R30_1351142986_950_11_NumPops=30_NumInd=60Bayenv2LFMMpca.Cpval","All","Neutral",949.471965729332,0.266909781720283,NA,NA
"420","IBD_R30_1351142986_950_11_NumPops=30_NumInd=60Bayenv2LFMMpca.Cpval","All","MCD 0.75",780.482669841556,0.662614555583753,0.75,"MCD"
"421","IBD_R30_1351142986_950_11_NumPops=30_NumInd=60Bayenv2LFMMpca.Cpval","All","MCD 0.90",881.698921372074,0.602243152368237,0.9,"MCD"
"422","IBD_R60_1351142954_453_3_NumPops=60_NumInd=20Bayenv2LFMMpca.Cpval","Neutral","All",1035.81079052364,0.289771445359804,NA,NA
"423","IBD_R60_1351142954_453_3_NumPops=60_NumInd=20Bayenv2LFMMpca.Cpval","Neutral","MCD 0.51",2.06281239670261,0.0715635398971494,0.51,"MCD"
"424","IBD_R60_1351142954_453_3_NumPops=60_NumInd=20Bayenv2LFMMpca.Cpval","Neutral","MCD 0.75",0.766200583873085,0.0432657570463944,0.75,"MCD"
"425","IBD_R60_1351142954_453_3_NumPops=60_NumInd=20Bayenv2LFMMpca.Cpval","Neutral","MCD 0.90",0.238834583765688,0.0251363553097574,0.9,"MCD"
"426","IBD_R60_1351142954_453_3_NumPops=60_NumInd=20Bayenv2LFMMpca.Cpval","Neutral","PCS 0.51",3.26848459966675,0.324588165506386,0.51,"PCS"
"427","IBD_R60_1351142954_453_3_NumPops=60_NumInd=20Bayenv2LFMMpca.Cpval","Neutral","PCS 0.75",0.916371406119367,0.0955068865149414,0.75,"PCS"
"428","IBD_R60_1351142954_453_3_NumPops=60_NumInd=20Bayenv2LFMMpca.Cpval","Neutral","PCS 0.90",0.193435619952649,0.0194330253457734,0.9,"PCS"
"429","IBD_R60_1351142954_453_3_NumPops=60_NumInd=20Bayenv2LFMMpca.Cpval","All","Neutral",1035.81079052364,0.289771445359804,NA,NA
"430","IBD_R60_1351142954_453_3_NumPops=60_NumInd=20Bayenv2LFMMpca.Cpval","All","MCD 0.75",980.804694485905,0.526368752924561,0.75,"MCD"
"431","IBD_R60_1351142954_453_3_NumPops=60_NumInd=20Bayenv2LFMMpca.Cpval","All","MCD 0.90",1005.19745912699,0.466671416043396,0.9,"MCD"
"432","IBD_R60_1351142954_453_3_NumPops=60_NumInd=30Bayenv2LFMMpca.Cpval","Neutral","All",1144.95473416451,0.303286248693394,NA,NA
"433","IBD_R60_1351142954_453_3_NumPops=60_NumInd=30Bayenv2LFMMpca.Cpval","Neutral","MCD 0.51",18.6418547648586,0.098394150956484,0.51,"MCD"
"434","IBD_R60_1351142954_453_3_NumPops=60_NumInd=30Bayenv2LFMMpca.Cpval","Neutral","MCD 0.75",5.61656333706212,0.0603851121150425,0.75,"MCD"
"435","IBD_R60_1351142954_453_3_NumPops=60_NumInd=30Bayenv2LFMMpca.Cpval","Neutral","MCD 0.90",1.40057124591554,0.0341621398056218,0.9,"MCD"
"436","IBD_R60_1351142954_453_3_NumPops=60_NumInd=30Bayenv2LFMMpca.Cpval","Neutral","PCS 0.51",8.8667346896916,0.276126033578656,0.51,"PCS"
"437","IBD_R60_1351142954_453_3_NumPops=60_NumInd=30Bayenv2LFMMpca.Cpval","Neutral","PCS 0.75",2.29862315531162,0.104302823669225,0.75,"PCS"
"438","IBD_R60_1351142954_453_3_NumPops=60_NumInd=30Bayenv2LFMMpca.Cpval","Neutral","PCS 0.90",0.390030981757303,0.0206535730060838,0.9,"PCS"
"439","IBD_R60_1351142954_453_3_NumPops=60_NumInd=30Bayenv2LFMMpca.Cpval","All","Neutral",1144.95473416451,0.303286248693394,NA,NA
"440","IBD_R60_1351142954_453_3_NumPops=60_NumInd=30Bayenv2LFMMpca.Cpval","All","MCD 0.75",991.101681605008,0.623923814760612,0.75,"MCD"
"441","IBD_R60_1351142954_453_3_NumPops=60_NumInd=30Bayenv2LFMMpca.Cpval","All","MCD 0.90",1066.98257424861,0.534742688149228,0.9,"MCD"
"442","IBD_R60_1351142970_988_7_NumPops=60_NumInd=20Bayenv2LFMMpca.Cpval","Neutral","All",934.398790516662,0.277831513976632,NA,NA
"443","IBD_R60_1351142970_988_7_NumPops=60_NumInd=20Bayenv2LFMMpca.Cpval","Neutral","MCD 0.51",4.76362847168531,0.0595164888409558,0.51,"MCD"
"444","IBD_R60_1351142970_988_7_NumPops=60_NumInd=20Bayenv2LFMMpca.Cpval","Neutral","MCD 0.75",1.64100320280633,0.0329205589236481,0.75,"MCD"
"445","IBD_R60_1351142970_988_7_NumPops=60_NumInd=20Bayenv2LFMMpca.Cpval","Neutral","MCD 0.90",0.45604487825907,0.0219381595672035,0.9,"MCD"
"446","IBD_R60_1351142970_988_7_NumPops=60_NumInd=20Bayenv2LFMMpca.Cpval","Neutral","PCS 0.51",3.01345700603264,0.247165195276123,0.51,"PCS"
"447","IBD_R60_1351142970_988_7_NumPops=60_NumInd=20Bayenv2LFMMpca.Cpval","Neutral","PCS 0.75",0.618541881481635,0.0699197099706291,0.75,"PCS"
"448","IBD_R60_1351142970_988_7_NumPops=60_NumInd=20Bayenv2LFMMpca.Cpval","Neutral","PCS 0.90",0.102396313294889,0.014153839690634,0.9,"PCS"
"449","IBD_R60_1351142970_988_7_NumPops=60_NumInd=20Bayenv2LFMMpca.Cpval","All","Neutral",934.398790516662,0.277831513976632,NA,NA
"450","IBD_R60_1351142970_988_7_NumPops=60_NumInd=20Bayenv2LFMMpca.Cpval","All","MCD 0.75",858.066385377654,0.46828796525795,0.75,"MCD"
"451","IBD_R60_1351142970_988_7_NumPops=60_NumInd=20Bayenv2LFMMpca.Cpval","All","MCD 0.90",893.938060717842,0.438377043680091,0.9,"MCD"
"452","IBD_R60_1351142970_988_7_NumPops=60_NumInd=30Bayenv2LFMMpca.Cpval","Neutral","All",1110.66374948104,0.302820580431823,NA,NA
"453","IBD_R60_1351142970_988_7_NumPops=60_NumInd=30Bayenv2LFMMpca.Cpval","Neutral","MCD 0.51",15.564180235089,0.0698673259174319,0.51,"MCD"
"454","IBD_R60_1351142970_988_7_NumPops=60_NumInd=30Bayenv2LFMMpca.Cpval","Neutral","MCD 0.75",5.12913683675406,0.0462108933932245,0.75,"MCD"
"455","IBD_R60_1351142970_988_7_NumPops=60_NumInd=30Bayenv2LFMMpca.Cpval","Neutral","MCD 0.90",1.3783419695469,0.0267359585401989,0.9,"MCD"
"456","IBD_R60_1351142970_988_7_NumPops=60_NumInd=30Bayenv2LFMMpca.Cpval","Neutral","PCS 0.51",13.8422585533049,0.293324708423179,0.51,"PCS"
"457","IBD_R60_1351142970_988_7_NumPops=60_NumInd=30Bayenv2LFMMpca.Cpval","Neutral","PCS 0.75",3.11974100770418,0.101148433121402,0.75,"PCS"
"458","IBD_R60_1351142970_988_7_NumPops=60_NumInd=30Bayenv2LFMMpca.Cpval","Neutral","PCS 0.90",0.471281740951017,0.0162433121608741,0.9,"PCS"
"459","IBD_R60_1351142970_988_7_NumPops=60_NumInd=30Bayenv2LFMMpca.Cpval","All","Neutral",1110.66374948104,0.302820580431823,NA,NA
"460","IBD_R60_1351142970_988_7_NumPops=60_NumInd=30Bayenv2LFMMpca.Cpval","All","MCD 0.75",965.486290797017,0.568530456999218,0.75,"MCD"
"461","IBD_R60_1351142970_988_7_NumPops=60_NumInd=30Bayenv2LFMMpca.Cpval","All","MCD 0.90",1034.30093926969,0.498287967805327,0.9,"MCD"
"462","IBD_R60_1351142986_950_11_NumPops=60_NumInd=20Bayenv2LFMMpca.Cpval","Neutral","All",1077.33742867989,0.298496634055463,NA,NA
"463","IBD_R60_1351142986_950_11_NumPops=60_NumInd=20Bayenv2LFMMpca.Cpval","Neutral","MCD 0.51",3.55208618040353,0.0527395313941756,0.51,"MCD"
"464","IBD_R60_1351142986_950_11_NumPops=60_NumInd=20Bayenv2LFMMpca.Cpval","Neutral","MCD 0.75",1.14256667051171,0.0360794397288582,0.75,"MCD"
"465","IBD_R60_1351142986_950_11_NumPops=60_NumInd=20Bayenv2LFMMpca.Cpval","Neutral","MCD 0.90",0.25735482395816,0.0225459886604638,0.9,"MCD"
"466","IBD_R60_1351142986_950_11_NumPops=60_NumInd=20Bayenv2LFMMpca.Cpval","Neutral","PCS 0.51",2.92067416892996,0.222730586883805,0.51,"PCS"
"467","IBD_R60_1351142986_950_11_NumPops=60_NumInd=20Bayenv2LFMMpca.Cpval","Neutral","PCS 0.75",0.805086317685805,0.0713382031105319,0.75,"PCS"
"468","IBD_R60_1351142986_950_11_NumPops=60_NumInd=20Bayenv2LFMMpca.Cpval","Neutral","PCS 0.90",0.19591964260703,0.0155423667970709,0.9,"PCS"
"469","IBD_R60_1351142986_950_11_NumPops=60_NumInd=20Bayenv2LFMMpca.Cpval","All","Neutral",1077.33742867989,0.298496634055463,NA,NA
"470","IBD_R60_1351142986_950_11_NumPops=60_NumInd=20Bayenv2LFMMpca.Cpval","All","MCD 0.75",1009.17712920587,0.520891369140256,0.75,"MCD"
"471","IBD_R60_1351142986_950_11_NumPops=60_NumInd=20Bayenv2LFMMpca.Cpval","All","MCD 0.90",1045.00597786733,0.472804158426295,0.9,"MCD"
"472","IBD_R60_1351142986_950_11_NumPops=60_NumInd=30Bayenv2LFMMpca.Cpval","Neutral","All",1353.90602769554,0.333719598131458,NA,NA
"473","IBD_R60_1351142986_950_11_NumPops=60_NumInd=30Bayenv2LFMMpca.Cpval","Neutral","MCD 0.51",20.0433284071649,0.075751455130388,0.51,"MCD"
"474","IBD_R60_1351142986_950_11_NumPops=60_NumInd=30Bayenv2LFMMpca.Cpval","Neutral","MCD 0.75",7.14533305975255,0.0482068493461119,0.75,"MCD"
"475","IBD_R60_1351142986_950_11_NumPops=60_NumInd=30Bayenv2LFMMpca.Cpval","Neutral","MCD 0.90",1.51135515922064,0.0328825730469589,0.9,"MCD"
"476","IBD_R60_1351142986_950_11_NumPops=60_NumInd=30Bayenv2LFMMpca.Cpval","Neutral","PCS 0.51",10.8076288400744,0.249314998746458,0.51,"PCS"
"477","IBD_R60_1351142986_950_11_NumPops=60_NumInd=30Bayenv2LFMMpca.Cpval","Neutral","PCS 0.75",2.08251200793828,0.0794285834544153,0.75,"PCS"
"478","IBD_R60_1351142986_950_11_NumPops=60_NumInd=30Bayenv2LFMMpca.Cpval","Neutral","PCS 0.90",0.490494222797568,0.0211086978067171,0.9,"PCS"
"479","IBD_R60_1351142986_950_11_NumPops=60_NumInd=30Bayenv2LFMMpca.Cpval","All","Neutral",1353.90602769554,0.333719598131458,NA,NA
"480","IBD_R60_1351142986_950_11_NumPops=60_NumInd=30Bayenv2LFMMpca.Cpval","All","MCD 0.75",1165.39995990394,0.618965718691995,0.75,"MCD"
"481","IBD_R60_1351142986_950_11_NumPops=60_NumInd=30Bayenv2LFMMpca.Cpval","All","MCD 0.90",1265.74661014631,0.567113003721228,0.9,"MCD"
"482","IBD_R90_1351142954_453_3_NumPops=90_NumInd=20Bayenv2LFMMpca.Cpval","Neutral","All",1253.57624231927,0.314942316398252,NA,NA
"483","IBD_R90_1351142954_453_3_NumPops=90_NumInd=20Bayenv2LFMMpca.Cpval","Neutral","MCD 0.51",15.1234306627933,0.0497481739474397,0.51,"MCD"
"484","IBD_R90_1351142954_453_3_NumPops=90_NumInd=20Bayenv2LFMMpca.Cpval","Neutral","MCD 0.75",4.92624497807375,0.0315563506088345,0.75,"MCD"
"485","IBD_R90_1351142954_453_3_NumPops=90_NumInd=20Bayenv2LFMMpca.Cpval","Neutral","MCD 0.90",1.30762245071531,0.0231188984313189,0.9,"MCD"
"486","IBD_R90_1351142954_453_3_NumPops=90_NumInd=20Bayenv2LFMMpca.Cpval","Neutral","PCS 0.51",8.74772018076601,0.166630181315954,0.51,"PCS"
"487","IBD_R90_1351142954_453_3_NumPops=90_NumInd=20Bayenv2LFMMpca.Cpval","Neutral","PCS 0.75",1.87105210998406,0.061434237447721,0.75,"PCS"
"488","IBD_R90_1351142954_453_3_NumPops=90_NumInd=20Bayenv2LFMMpca.Cpval","Neutral","PCS 0.90",0.449066756106321,0.0146228570501827,0.9,"PCS"
"489","IBD_R90_1351142954_453_3_NumPops=90_NumInd=20Bayenv2LFMMpca.Cpval","All","Neutral",1253.57624231927,0.314942316398252,NA,NA
"490","IBD_R90_1351142954_453_3_NumPops=90_NumInd=20Bayenv2LFMMpca.Cpval","All","MCD 0.75",1102.22797439471,0.52912771344053,0.75,"MCD"
"491","IBD_R90_1351142954_453_3_NumPops=90_NumInd=20Bayenv2LFMMpca.Cpval","All","MCD 0.90",1174.67027167975,0.499788292611081,0.9,"MCD"
"492","IBD_R90_1351142954_453_3_NumPops=90_NumInd=6Bayenv2LFMMpca.Cpval","Neutral","All",704.753690948718,0.237134651090595,NA,NA
"493","IBD_R90_1351142954_453_3_NumPops=90_NumInd=6Bayenv2LFMMpca.Cpval","Neutral","MCD 0.51",0.191050523970716,0.0523601816650608,0.51,"MCD"
"494","IBD_R90_1351142954_453_3_NumPops=90_NumInd=6Bayenv2LFMMpca.Cpval","Neutral","MCD 0.75",0.105952271209574,0.031707555551265,0.75,"MCD"
"495","IBD_R90_1351142954_453_3_NumPops=90_NumInd=6Bayenv2LFMMpca.Cpval","Neutral","MCD 0.90",0.0427079208930134,0.0152390305801756,0.9,"MCD"
"496","IBD_R90_1351142954_453_3_NumPops=90_NumInd=6Bayenv2LFMMpca.Cpval","Neutral","PCS 0.51",0.829378710410727,0.265524650733955,0.51,"PCS"
"497","IBD_R90_1351142954_453_3_NumPops=90_NumInd=6Bayenv2LFMMpca.Cpval","Neutral","PCS 0.75",0.233261925147956,0.0840720072537184,0.75,"PCS"
"498","IBD_R90_1351142954_453_3_NumPops=90_NumInd=6Bayenv2LFMMpca.Cpval","Neutral","PCS 0.90",0.0437673612006826,0.0141995375649428,0.9,"PCS"
"499","IBD_R90_1351142954_453_3_NumPops=90_NumInd=6Bayenv2LFMMpca.Cpval","All","Neutral",704.753690948718,0.237134651090595,NA,NA
"500","IBD_R90_1351142954_453_3_NumPops=90_NumInd=6Bayenv2LFMMpca.Cpval","All","MCD 0.75",690.664536799101,0.405616941401587,0.75,"MCD"
"501","IBD_R90_1351142954_453_3_NumPops=90_NumInd=6Bayenv2LFMMpca.Cpval","All","MCD 0.90",695.714331346093,0.352612894880042,0.9,"MCD"
"502","IBD_R90_1351142970_988_7_NumPops=90_NumInd=20Bayenv2LFMMpca.Cpval","Neutral","All",1064.53176034236,0.295228487951033,NA,NA
"503","IBD_R90_1351142970_988_7_NumPops=90_NumInd=20Bayenv2LFMMpca.Cpval","Neutral","MCD 0.51",13.0732968111245,0.0627003622944694,0.51,"MCD"
"504","IBD_R90_1351142970_988_7_NumPops=90_NumInd=20Bayenv2LFMMpca.Cpval","Neutral","MCD 0.75",4.66600566919008,0.0391861141675229,0.75,"MCD"
"505","IBD_R90_1351142970_988_7_NumPops=90_NumInd=20Bayenv2LFMMpca.Cpval","Neutral","MCD 0.90",1.04316171843327,0.0301033517930644,0.9,"MCD"
"506","IBD_R90_1351142970_988_7_NumPops=90_NumInd=20Bayenv2LFMMpca.Cpval","Neutral","PCS 0.51",10.8917562023019,0.211183722475808,0.51,"PCS"
"507","IBD_R90_1351142970_988_7_NumPops=90_NumInd=20Bayenv2LFMMpca.Cpval","Neutral","PCS 0.75",2.62159003454728,0.0700255063372487,0.75,"PCS"
"508","IBD_R90_1351142970_988_7_NumPops=90_NumInd=20Bayenv2LFMMpca.Cpval","Neutral","PCS 0.90",0.577793171741168,0.0184484018040665,0.9,"PCS"
"509","IBD_R90_1351142970_988_7_NumPops=90_NumInd=20Bayenv2LFMMpca.Cpval","All","Neutral",1064.53176034236,0.295228487951033,NA,NA
"510","IBD_R90_1351142970_988_7_NumPops=90_NumInd=20Bayenv2LFMMpca.Cpval","All","MCD 0.75",929.183238012902,0.529687080840557,0.75,"MCD"
"511","IBD_R90_1351142970_988_7_NumPops=90_NumInd=20Bayenv2LFMMpca.Cpval","All","MCD 0.90",999.709018716827,0.503395986730834,0.9,"MCD"
"512","IBD_R90_1351142970_988_7_NumPops=90_NumInd=6Bayenv2LFMMpca.Cpval","Neutral","All",652.780901088527,0.22806726443112,NA,NA
"513","IBD_R90_1351142970_988_7_NumPops=90_NumInd=6Bayenv2LFMMpca.Cpval","Neutral","MCD 0.51",0.247957467998974,0.0321820813152487,0.51,"MCD"
"514","IBD_R90_1351142970_988_7_NumPops=90_NumInd=6Bayenv2LFMMpca.Cpval","Neutral","MCD 0.75",0.112461141409284,0.017250601409566,0.75,"MCD"
"515","IBD_R90_1351142970_988_7_NumPops=90_NumInd=6Bayenv2LFMMpca.Cpval","Neutral","MCD 0.90",0.0385741051484806,0.00818528174232902,0.9,"MCD"
"516","IBD_R90_1351142970_988_7_NumPops=90_NumInd=6Bayenv2LFMMpca.Cpval","Neutral","PCS 0.51",0.414279828948806,0.143931552380441,0.51,"PCS"
"517","IBD_R90_1351142970_988_7_NumPops=90_NumInd=6Bayenv2LFMMpca.Cpval","Neutral","PCS 0.75",0.102882975330562,0.0437175366829808,0.75,"PCS"
"518","IBD_R90_1351142970_988_7_NumPops=90_NumInd=6Bayenv2LFMMpca.Cpval","Neutral","PCS 0.90",0.0224524159431564,0.00818302036913466,0.9,"PCS"
"519","IBD_R90_1351142970_988_7_NumPops=90_NumInd=6Bayenv2LFMMpca.Cpval","All","Neutral",652.780901088527,0.22806726443112,NA,NA
"520","IBD_R90_1351142970_988_7_NumPops=90_NumInd=6Bayenv2LFMMpca.Cpval","All","MCD 0.75",636.477964614973,0.315993868336078,0.75,"MCD"
"521","IBD_R90_1351142970_988_7_NumPops=90_NumInd=6Bayenv2LFMMpca.Cpval","All","MCD 0.90",643.395580585363,0.288447179602498,0.9,"MCD"
"522","IBD_R90_1351142986_950_11_NumPops=90_NumInd=20Bayenv2LFMMpca.Cpval","Neutral","All",1406.27033880241,0.332707352949671,NA,NA
"523","IBD_R90_1351142986_950_11_NumPops=90_NumInd=20Bayenv2LFMMpca.Cpval","Neutral","MCD 0.51",15.4455853789775,0.0642373498122071,0.51,"MCD"
"524","IBD_R90_1351142986_950_11_NumPops=90_NumInd=20Bayenv2LFMMpca.Cpval","Neutral","MCD 0.75",5.00593179361222,0.0352428006367183,0.75,"MCD"
"525","IBD_R90_1351142986_950_11_NumPops=90_NumInd=20Bayenv2LFMMpca.Cpval","Neutral","MCD 0.90",1.21858226384799,0.0246238068366487,0.9,"MCD"
"526","IBD_R90_1351142986_950_11_NumPops=90_NumInd=20Bayenv2LFMMpca.Cpval","Neutral","PCS 0.51",9.4593029813433,0.220548491137527,0.51,"PCS"
"527","IBD_R90_1351142986_950_11_NumPops=90_NumInd=20Bayenv2LFMMpca.Cpval","Neutral","PCS 0.75",2.32878887745405,0.0881679681856586,0.75,"PCS"
"528","IBD_R90_1351142986_950_11_NumPops=90_NumInd=20Bayenv2LFMMpca.Cpval","Neutral","PCS 0.90",0.469520749080881,0.0197690116775743,0.9,"PCS"
"529","IBD_R90_1351142986_950_11_NumPops=90_NumInd=20Bayenv2LFMMpca.Cpval","All","Neutral",1406.27033880241,0.332707352949671,NA,NA
"530","IBD_R90_1351142986_950_11_NumPops=90_NumInd=20Bayenv2LFMMpca.Cpval","All","MCD 0.75",1244.36537968723,0.558972410674129,0.75,"MCD"
"531","IBD_R90_1351142986_950_11_NumPops=90_NumInd=20Bayenv2LFMMpca.Cpval","All","MCD 0.90",1325.41365106679,0.524843619147048,0.9,"MCD"
"532","IBD_R90_1351142986_950_11_NumPops=90_NumInd=6Bayenv2LFMMpca.Cpval","Neutral","All",599.321296802736,0.216790005712971,NA,NA
"533","IBD_R90_1351142986_950_11_NumPops=90_NumInd=6Bayenv2LFMMpca.Cpval","Neutral","MCD 0.51",0.253738758945379,0.0461937523999037,0.51,"MCD"
"534","IBD_R90_1351142986_950_11_NumPops=90_NumInd=6Bayenv2LFMMpca.Cpval","Neutral","MCD 0.75",0.0923648508917773,0.0237616859954242,0.75,"MCD"
"535","IBD_R90_1351142986_950_11_NumPops=90_NumInd=6Bayenv2LFMMpca.Cpval","Neutral","MCD 0.90",0.0354660001847037,0.0134854387422135,0.9,"MCD"
"536","IBD_R90_1351142986_950_11_NumPops=90_NumInd=6Bayenv2LFMMpca.Cpval","Neutral","PCS 0.51",0.340755840747573,0.159594134489627,0.51,"PCS"
"537","IBD_R90_1351142986_950_11_NumPops=90_NumInd=6Bayenv2LFMMpca.Cpval","Neutral","PCS 0.75",0.103958472552356,0.0500027763256618,0.75,"PCS"
"538","IBD_R90_1351142986_950_11_NumPops=90_NumInd=6Bayenv2LFMMpca.Cpval","Neutral","PCS 0.90",0.0304310242549496,0.011095282141207,0.9,"PCS"
"539","IBD_R90_1351142986_950_11_NumPops=90_NumInd=6Bayenv2LFMMpca.Cpval","All","Neutral",599.321296802736,0.216790005712971,NA,NA
"540","IBD_R90_1351142986_950_11_NumPops=90_NumInd=6Bayenv2LFMMpca.Cpval","All","MCD 0.75",585.881753778057,0.322350575766349,0.75,"MCD"
"541","IBD_R90_1351142986_950_11_NumPops=90_NumInd=6Bayenv2LFMMpca.Cpval","All","MCD 0.90",591.574685918325,0.300439662323374,0.9,"MCD"
"542","IM_R30_1351142954_453_4_NumPops=30_NumInd=20Bayenv2LFMMpca.Cpval","Neutral","All",0.303263102770416,0.0016098377250946,NA,NA
"543","IM_R30_1351142954_453_4_NumPops=30_NumInd=20Bayenv2LFMMpca.Cpval","Neutral","MCD 0.51",0.0225932972006012,0.0834481553676999,0.51,"MCD"
"544","IM_R30_1351142954_453_4_NumPops=30_NumInd=20Bayenv2LFMMpca.Cpval","Neutral","MCD 0.75",0.0199101028639916,0.0450081821123446,0.75,"MCD"
"545","IM_R30_1351142954_453_4_NumPops=30_NumInd=20Bayenv2LFMMpca.Cpval","Neutral","MCD 0.90",0.0114094954393185,0.020716216399397,0.9,"MCD"
"546","IM_R30_1351142954_453_4_NumPops=30_NumInd=20Bayenv2LFMMpca.Cpval","Neutral","PCS 0.51",0.894214256704081,0.334412005104408,0.51,"PCS"
"547","IM_R30_1351142954_453_4_NumPops=30_NumInd=20Bayenv2LFMMpca.Cpval","Neutral","PCS 0.75",0.317880074328612,0.0986333205893523,0.75,"PCS"
"548","IM_R30_1351142954_453_4_NumPops=30_NumInd=20Bayenv2LFMMpca.Cpval","Neutral","PCS 0.90",0.0744286882529513,0.0200657676573314,0.9,"PCS"
"549","IM_R30_1351142954_453_4_NumPops=30_NumInd=20Bayenv2LFMMpca.Cpval","All","Neutral",0.303263102770416,0.0016098377250946,NA,NA
"550","IM_R30_1351142954_453_4_NumPops=30_NumInd=20Bayenv2LFMMpca.Cpval","All","MCD 0.75",0.434395661827877,0.06019427904839,0.75,"MCD"
"551","IM_R30_1351142954_453_4_NumPops=30_NumInd=20Bayenv2LFMMpca.Cpval","All","MCD 0.90",0.402510504661681,0.0315317984739719,0.9,"MCD"
"552","IM_R30_1351142954_453_4_NumPops=30_NumInd=60Bayenv2LFMMpca.Cpval","Neutral","All",426.314487551955,0.0363798381282935,NA,NA
"553","IM_R30_1351142954_453_4_NumPops=30_NumInd=60Bayenv2LFMMpca.Cpval","Neutral","MCD 0.51",28.5530184489792,0.170069332989775,0.51,"MCD"
"554","IM_R30_1351142954_453_4_NumPops=30_NumInd=60Bayenv2LFMMpca.Cpval","Neutral","MCD 0.75",7.07482258893886,0.112462567153352,0.75,"MCD"
"555","IM_R30_1351142954_453_4_NumPops=30_NumInd=60Bayenv2LFMMpca.Cpval","Neutral","MCD 0.90",1.83532610161748,0.0611941460241178,0.9,"MCD"
"556","IM_R30_1351142954_453_4_NumPops=30_NumInd=60Bayenv2LFMMpca.Cpval","Neutral","PCS 0.51",13.9988724277465,0.485172818613066,0.51,"PCS"
"557","IM_R30_1351142954_453_4_NumPops=30_NumInd=60Bayenv2LFMMpca.Cpval","Neutral","PCS 0.75",4.85352098618474,0.200309700157899,0.75,"PCS"
"558","IM_R30_1351142954_453_4_NumPops=30_NumInd=60Bayenv2LFMMpca.Cpval","Neutral","PCS 0.90",0.919455650637825,0.0484855972078735,0.9,"PCS"
"559","IM_R30_1351142954_453_4_NumPops=30_NumInd=60Bayenv2LFMMpca.Cpval","All","Neutral",426.314487551955,0.0363798381282935,NA,NA
"560","IM_R30_1351142954_453_4_NumPops=30_NumInd=60Bayenv2LFMMpca.Cpval","All","MCD 0.75",330.784323105132,0.276241038401161,0.75,"MCD"
"561","IM_R30_1351142954_453_4_NumPops=30_NumInd=60Bayenv2LFMMpca.Cpval","All","MCD 0.90",377.072708987537,0.191663748256752,0.9,"MCD"
"562","IM_R30_1351142970_988_8_NumPops=30_NumInd=20Bayenv2LFMMpca.Cpval","Neutral","All",0.20721898861753,0.00127655489823759,NA,NA
"563","IM_R30_1351142970_988_8_NumPops=30_NumInd=20Bayenv2LFMMpca.Cpval","Neutral","MCD 0.51",0.0280400277766316,0.0597668161444615,0.51,"MCD"
"564","IM_R30_1351142970_988_8_NumPops=30_NumInd=20Bayenv2LFMMpca.Cpval","Neutral","MCD 0.75",0.0266955236582195,0.032912990738543,0.75,"MCD"
"565","IM_R30_1351142970_988_8_NumPops=30_NumInd=20Bayenv2LFMMpca.Cpval","Neutral","MCD 0.90",0.0113882689001767,0.018677236115743,0.9,"MCD"
"566","IM_R30_1351142970_988_8_NumPops=30_NumInd=20Bayenv2LFMMpca.Cpval","Neutral","PCS 0.51",0.898833621422012,0.257406036809103,0.51,"PCS"
"567","IM_R30_1351142970_988_8_NumPops=30_NumInd=20Bayenv2LFMMpca.Cpval","Neutral","PCS 0.75",0.317469413215889,0.0796835048724311,0.75,"PCS"
"568","IM_R30_1351142970_988_8_NumPops=30_NumInd=20Bayenv2LFMMpca.Cpval","Neutral","PCS 0.90",0.0697187134854301,0.0153309857503699,0.9,"PCS"
"569","IM_R30_1351142970_988_8_NumPops=30_NumInd=20Bayenv2LFMMpca.Cpval","All","Neutral",0.20721898861753,0.00127655489823759,NA,NA
"570","IM_R30_1351142970_988_8_NumPops=30_NumInd=20Bayenv2LFMMpca.Cpval","All","MCD 0.75",0.314488155695247,0.0446504662551625,0.75,"MCD"
"571","IM_R30_1351142970_988_8_NumPops=30_NumInd=20Bayenv2LFMMpca.Cpval","All","MCD 0.90",0.284666823318557,0.0274787582871423,0.9,"MCD"
"572","IM_R30_1351142970_988_8_NumPops=30_NumInd=60Bayenv2LFMMpca.Cpval","Neutral","All",174.485151753994,0.0243507650935039,NA,NA
"573","IM_R30_1351142970_988_8_NumPops=30_NumInd=60Bayenv2LFMMpca.Cpval","Neutral","MCD 0.51",44.3157456477081,0.167644692776123,0.51,"MCD"
"574","IM_R30_1351142970_988_8_NumPops=30_NumInd=60Bayenv2LFMMpca.Cpval","Neutral","MCD 0.75",12.085911156366,0.102263502362505,0.75,"MCD"
"575","IM_R30_1351142970_988_8_NumPops=30_NumInd=60Bayenv2LFMMpca.Cpval","Neutral","MCD 0.90",3.04745856396034,0.0582635097410881,0.9,"MCD"
"576","IM_R30_1351142970_988_8_NumPops=30_NumInd=60Bayenv2LFMMpca.Cpval","Neutral","PCS 0.51",12.6027932144639,0.391682793540252,0.51,"PCS"
"577","IM_R30_1351142970_988_8_NumPops=30_NumInd=60Bayenv2LFMMpca.Cpval","Neutral","PCS 0.75",2.75373654299541,0.173680611542431,0.75,"PCS"
"578","IM_R30_1351142970_988_8_NumPops=30_NumInd=60Bayenv2LFMMpca.Cpval","Neutral","PCS 0.90",0.684465680993603,0.0479256007313538,0.9,"PCS"
"579","IM_R30_1351142970_988_8_NumPops=30_NumInd=60Bayenv2LFMMpca.Cpval","All","Neutral",174.485151753994,0.0243507650935039,NA,NA
"580","IM_R30_1351142970_988_8_NumPops=30_NumInd=60Bayenv2LFMMpca.Cpval","All","MCD 0.75",100.653980955209,0.225800329243558,0.75,"MCD"
"581","IM_R30_1351142970_988_8_NumPops=30_NumInd=60Bayenv2LFMMpca.Cpval","All","MCD 0.90",135.154983894238,0.157706105442749,0.9,"MCD"
"582","IM_R30_1351142986_950_12_NumPops=30_NumInd=20Bayenv2LFMMpca.Cpval","Neutral","All",0.134509062070657,0.00104881722263095,NA,NA
"583","IM_R30_1351142986_950_12_NumPops=30_NumInd=20Bayenv2LFMMpca.Cpval","Neutral","MCD 0.51",0.0729092366201823,0.0942591793510111,0.51,"MCD"
"584","IM_R30_1351142986_950_12_NumPops=30_NumInd=20Bayenv2LFMMpca.Cpval","Neutral","MCD 0.75",0.0389268972171207,0.0505274693386474,0.75,"MCD"
"585","IM_R30_1351142986_950_12_NumPops=30_NumInd=20Bayenv2LFMMpca.Cpval","Neutral","MCD 0.90",0.0154118352625858,0.027698045913232,0.9,"MCD"
"586","IM_R30_1351142986_950_12_NumPops=30_NumInd=20Bayenv2LFMMpca.Cpval","Neutral","PCS 0.51",0.820728671072072,0.298058697035765,0.51,"PCS"
"587","IM_R30_1351142986_950_12_NumPops=30_NumInd=20Bayenv2LFMMpca.Cpval","Neutral","PCS 0.75",0.279585945220041,0.0926662488014267,0.75,"PCS"
"588","IM_R30_1351142986_950_12_NumPops=30_NumInd=20Bayenv2LFMMpca.Cpval","Neutral","PCS 0.90",0.0814551450606573,0.020599691375638,0.9,"PCS"
"589","IM_R30_1351142986_950_12_NumPops=30_NumInd=20Bayenv2LFMMpca.Cpval","All","Neutral",0.134509062070657,0.00104881722263095,NA,NA
"590","IM_R30_1351142986_950_12_NumPops=30_NumInd=20Bayenv2LFMMpca.Cpval","All","MCD 0.75",0.265531263060619,0.0636755793483174,0.75,"MCD"
"591","IM_R30_1351142986_950_12_NumPops=30_NumInd=20Bayenv2LFMMpca.Cpval","All","MCD 0.90",0.225470431671149,0.0368309255715853,0.9,"MCD"
"592","IM_R30_1351142986_950_12_NumPops=30_NumInd=60Bayenv2LFMMpca.Cpval","Neutral","All",183.40939937373,0.022999101972,NA,NA
"593","IM_R30_1351142986_950_12_NumPops=30_NumInd=60Bayenv2LFMMpca.Cpval","Neutral","MCD 0.51",43.6885347013547,0.157351600347658,0.51,"MCD"
"594","IM_R30_1351142986_950_12_NumPops=30_NumInd=60Bayenv2LFMMpca.Cpval","Neutral","MCD 0.75",11.2302773669443,0.0944694964868662,0.75,"MCD"
"595","IM_R30_1351142986_950_12_NumPops=30_NumInd=60Bayenv2LFMMpca.Cpval","Neutral","MCD 0.90",2.06692969315985,0.0617010480025581,0.9,"MCD"
"596","IM_R30_1351142986_950_12_NumPops=30_NumInd=60Bayenv2LFMMpca.Cpval","Neutral","PCS 0.51",11.5790980185849,0.320000718389341,0.51,"PCS"
"597","IM_R30_1351142986_950_12_NumPops=30_NumInd=60Bayenv2LFMMpca.Cpval","Neutral","PCS 0.75",2.49341632767912,0.1395494069699,0.75,"PCS"
"598","IM_R30_1351142986_950_12_NumPops=30_NumInd=60Bayenv2LFMMpca.Cpval","Neutral","PCS 0.90",0.780605978999592,0.046430444747712,0.9,"PCS"
"599","IM_R30_1351142986_950_12_NumPops=30_NumInd=60Bayenv2LFMMpca.Cpval","All","Neutral",183.40939937373,0.022999101972,NA,NA
"600","IM_R30_1351142986_950_12_NumPops=30_NumInd=60Bayenv2LFMMpca.Cpval","All","MCD 0.75",110.775672952029,0.209847885852555,0.75,"MCD"
"601","IM_R30_1351142986_950_12_NumPops=30_NumInd=60Bayenv2LFMMpca.Cpval","All","MCD 0.90",150.706818275123,0.159836886023739,0.9,"MCD"
"602","IM_R60_1351142954_453_4_NumPops=60_NumInd=20Bayenv2LFMMpca.Cpval","Neutral","All",3.87759718872981,0.00496245333550354,NA,NA
"603","IM_R60_1351142954_453_4_NumPops=60_NumInd=20Bayenv2LFMMpca.Cpval","Neutral","MCD 0.51",0.840183498423079,0.0778483972567714,0.51,"MCD"
"604","IM_R60_1351142954_453_4_NumPops=60_NumInd=20Bayenv2LFMMpca.Cpval","Neutral","MCD 0.75",0.308407813190708,0.0438131876305159,0.75,"MCD"
"605","IM_R60_1351142954_453_4_NumPops=60_NumInd=20Bayenv2LFMMpca.Cpval","Neutral","MCD 0.90",0.0829643448832527,0.0235122363565839,0.9,"MCD"
"606","IM_R60_1351142954_453_4_NumPops=60_NumInd=20Bayenv2LFMMpca.Cpval","Neutral","PCS 0.51",1.85396776827385,0.317091320195644,0.51,"PCS"
"607","IM_R60_1351142954_453_4_NumPops=60_NumInd=20Bayenv2LFMMpca.Cpval","Neutral","PCS 0.75",0.695304870814216,0.103802436011596,0.75,"PCS"
"608","IM_R60_1351142954_453_4_NumPops=60_NumInd=20Bayenv2LFMMpca.Cpval","Neutral","PCS 0.90",0.15989344081748,0.022948586478513,0.9,"PCS"
"609","IM_R60_1351142954_453_4_NumPops=60_NumInd=20Bayenv2LFMMpca.Cpval","All","Neutral",3.87759718872981,0.00496245333550354,NA,NA
"610","IM_R60_1351142954_453_4_NumPops=60_NumInd=20Bayenv2LFMMpca.Cpval","All","MCD 0.75",3.35408543148112,0.0778037499586332,0.75,"MCD"
"611","IM_R60_1351142954_453_4_NumPops=60_NumInd=20Bayenv2LFMMpca.Cpval","All","MCD 0.90",3.70651522603771,0.0496376575515232,0.9,"MCD"
"612","IM_R60_1351142954_453_4_NumPops=60_NumInd=30Bayenv2LFMMpca.Cpval","Neutral","All",122.458196478208,0.0234824869352999,NA,NA
"613","IM_R60_1351142954_453_4_NumPops=60_NumInd=30Bayenv2LFMMpca.Cpval","Neutral","MCD 0.51",8.23900855015665,0.163935760257326,0.51,"MCD"
"614","IM_R60_1351142954_453_4_NumPops=60_NumInd=30Bayenv2LFMMpca.Cpval","Neutral","MCD 0.75",2.04361632027507,0.0864093512085798,0.75,"MCD"
"615","IM_R60_1351142954_453_4_NumPops=60_NumInd=30Bayenv2LFMMpca.Cpval","Neutral","MCD 0.90",0.599701874871885,0.0465415031608682,0.9,"MCD"
"616","IM_R60_1351142954_453_4_NumPops=60_NumInd=30Bayenv2LFMMpca.Cpval","Neutral","PCS 0.51",6.21498573611724,0.456150401492963,0.51,"PCS"
"617","IM_R60_1351142954_453_4_NumPops=60_NumInd=30Bayenv2LFMMpca.Cpval","Neutral","PCS 0.75",2.33285121973178,0.168916632991459,0.75,"PCS"
"618","IM_R60_1351142954_453_4_NumPops=60_NumInd=30Bayenv2LFMMpca.Cpval","Neutral","PCS 0.90",0.475764016075456,0.0413773818395642,0.9,"PCS"
"619","IM_R60_1351142954_453_4_NumPops=60_NumInd=30Bayenv2LFMMpca.Cpval","All","Neutral",122.458196478208,0.0234824869352999,NA,NA
"620","IM_R60_1351142954_453_4_NumPops=60_NumInd=30Bayenv2LFMMpca.Cpval","All","MCD 0.75",100.290746133614,0.195631045358384,0.75,"MCD"
"621","IM_R60_1351142954_453_4_NumPops=60_NumInd=30Bayenv2LFMMpca.Cpval","All","MCD 0.90",111.246593329626,0.134546439974954,0.9,"MCD"
"622","IM_R60_1351142970_988_8_NumPops=60_NumInd=20Bayenv2LFMMpca.Cpval","Neutral","All",4.81575323327868,0.00507366340026363,NA,NA
"623","IM_R60_1351142970_988_8_NumPops=60_NumInd=20Bayenv2LFMMpca.Cpval","Neutral","MCD 0.51",1.25226024406397,0.0803290490046398,0.51,"MCD"
"624","IM_R60_1351142970_988_8_NumPops=60_NumInd=20Bayenv2LFMMpca.Cpval","Neutral","MCD 0.75",0.398565305800848,0.0429419559325371,0.75,"MCD"
"625","IM_R60_1351142970_988_8_NumPops=60_NumInd=20Bayenv2LFMMpca.Cpval","Neutral","MCD 0.90",0.116927538724237,0.0236741961042767,0.9,"MCD"
"626","IM_R60_1351142970_988_8_NumPops=60_NumInd=20Bayenv2LFMMpca.Cpval","Neutral","PCS 0.51",2.45131227155454,0.255649179502283,0.51,"PCS"
"627","IM_R60_1351142970_988_8_NumPops=60_NumInd=20Bayenv2LFMMpca.Cpval","Neutral","PCS 0.75",0.780959627978233,0.0946283368731758,0.75,"PCS"
"628","IM_R60_1351142970_988_8_NumPops=60_NumInd=20Bayenv2LFMMpca.Cpval","Neutral","PCS 0.90",0.170208434249727,0.0218932820485034,0.9,"PCS"
"629","IM_R60_1351142970_988_8_NumPops=60_NumInd=20Bayenv2LFMMpca.Cpval","All","Neutral",4.81575323327868,0.00507366340026363,NA,NA
"630","IM_R60_1351142970_988_8_NumPops=60_NumInd=20Bayenv2LFMMpca.Cpval","All","MCD 0.75",4.30290564538859,0.0761010461930864,0.75,"MCD"
"631","IM_R60_1351142970_988_8_NumPops=60_NumInd=20Bayenv2LFMMpca.Cpval","All","MCD 0.90",4.61500717717492,0.0497996762969797,0.9,"MCD"
"632","IM_R60_1351142970_988_8_NumPops=60_NumInd=30Bayenv2LFMMpca.Cpval","Neutral","All",74.3538627092095,0.0188055269397247,NA,NA
"633","IM_R60_1351142970_988_8_NumPops=60_NumInd=30Bayenv2LFMMpca.Cpval","Neutral","MCD 0.51",9.64549395159208,0.11669630672755,0.51,"MCD"
"634","IM_R60_1351142970_988_8_NumPops=60_NumInd=30Bayenv2LFMMpca.Cpval","Neutral","MCD 0.75",3.51719480978188,0.0642643123042266,0.75,"MCD"
"635","IM_R60_1351142970_988_8_NumPops=60_NumInd=30Bayenv2LFMMpca.Cpval","Neutral","MCD 0.90",0.980268510773309,0.0349106888090894,0.9,"MCD"
"636","IM_R60_1351142970_988_8_NumPops=60_NumInd=30Bayenv2LFMMpca.Cpval","Neutral","PCS 0.51",7.2626970556822,0.297183782362836,0.51,"PCS"
"637","IM_R60_1351142970_988_8_NumPops=60_NumInd=30Bayenv2LFMMpca.Cpval","Neutral","PCS 0.75",1.45523517970097,0.105659501448714,0.75,"PCS"
"638","IM_R60_1351142970_988_8_NumPops=60_NumInd=30Bayenv2LFMMpca.Cpval","Neutral","PCS 0.90",0.276992476980306,0.0266462534408528,0.9,"PCS"
"639","IM_R60_1351142970_988_8_NumPops=60_NumInd=30Bayenv2LFMMpca.Cpval","All","Neutral",74.3538627092095,0.0188055269397247,NA,NA
"640","IM_R60_1351142970_988_8_NumPops=60_NumInd=30Bayenv2LFMMpca.Cpval","All","MCD 0.75",51.4709194323065,0.146880763188314,0.75,"MCD"
"641","IM_R60_1351142970_988_8_NumPops=60_NumInd=30Bayenv2LFMMpca.Cpval","All","MCD 0.90",62.126882518459,0.103025743761488,0.9,"MCD"
"642","IM_R60_1351142986_950_12_NumPops=60_NumInd=20Bayenv2LFMMpca.Cpval","Neutral","All",4.35463999398013,0.00493470366674292,NA,NA
"643","IM_R60_1351142986_950_12_NumPops=60_NumInd=20Bayenv2LFMMpca.Cpval","Neutral","MCD 0.51",1.10643028224928,0.085531229463311,0.51,"MCD"
"644","IM_R60_1351142986_950_12_NumPops=60_NumInd=20Bayenv2LFMMpca.Cpval","Neutral","MCD 0.75",0.564308866336332,0.0460263015752004,0.75,"MCD"
"645","IM_R60_1351142986_950_12_NumPops=60_NumInd=20Bayenv2LFMMpca.Cpval","Neutral","MCD 0.90",0.140974237641622,0.026110303252244,0.9,"MCD"
"646","IM_R60_1351142986_950_12_NumPops=60_NumInd=20Bayenv2LFMMpca.Cpval","Neutral","PCS 0.51",2.46995794581739,0.337252786861393,0.51,"PCS"
"647","IM_R60_1351142986_950_12_NumPops=60_NumInd=20Bayenv2LFMMpca.Cpval","Neutral","PCS 0.75",0.474224203344992,0.0917937374788445,0.75,"PCS"
"648","IM_R60_1351142986_950_12_NumPops=60_NumInd=20Bayenv2LFMMpca.Cpval","Neutral","PCS 0.90",0.111639898625528,0.0198884849840082,0.9,"PCS"
"649","IM_R60_1351142986_950_12_NumPops=60_NumInd=20Bayenv2LFMMpca.Cpval","All","Neutral",4.35463999398013,0.00493470366674292,NA,NA
"650","IM_R60_1351142986_950_12_NumPops=60_NumInd=20Bayenv2LFMMpca.Cpval","All","MCD 0.75",3.50242401332229,0.0803553077000057,0.75,"MCD"
"651","IM_R60_1351142986_950_12_NumPops=60_NumInd=20Bayenv2LFMMpca.Cpval","All","MCD 0.90",3.97983553892396,0.0529889383403423,0.9,"MCD"
"652","IM_R60_1351142986_950_12_NumPops=60_NumInd=30Bayenv2LFMMpca.Cpval","Neutral","All",122.917380953474,0.0241960080248535,NA,NA
"653","IM_R60_1351142986_950_12_NumPops=60_NumInd=30Bayenv2LFMMpca.Cpval","Neutral","MCD 0.51",10.7609763757249,0.0829126740164676,0.51,"MCD"
"654","IM_R60_1351142986_950_12_NumPops=60_NumInd=30Bayenv2LFMMpca.Cpval","Neutral","MCD 0.75",4.2298662630339,0.0492705970465983,0.75,"MCD"
"655","IM_R60_1351142986_950_12_NumPops=60_NumInd=30Bayenv2LFMMpca.Cpval","Neutral","MCD 0.90",1.21941671623194,0.0258275700970177,0.9,"MCD"
"656","IM_R60_1351142986_950_12_NumPops=60_NumInd=30Bayenv2LFMMpca.Cpval","Neutral","PCS 0.51",6.75912712975563,0.211053168796409,0.51,"PCS"
"657","IM_R60_1351142986_950_12_NumPops=60_NumInd=30Bayenv2LFMMpca.Cpval","Neutral","PCS 0.75",0.87484486081957,0.0781057877488858,0.75,"PCS"
"658","IM_R60_1351142986_950_12_NumPops=60_NumInd=30Bayenv2LFMMpca.Cpval","Neutral","PCS 0.90",0.235286401159414,0.020840257713106,0.9,"PCS"
"659","IM_R60_1351142986_950_12_NumPops=60_NumInd=30Bayenv2LFMMpca.Cpval","All","Neutral",122.917380953474,0.0241960080248535,NA,NA
"660","IM_R60_1351142986_950_12_NumPops=60_NumInd=30Bayenv2LFMMpca.Cpval","All","MCD 0.75",90.1888482603366,0.134269832250697,0.75,"MCD"
"661","IM_R60_1351142986_950_12_NumPops=60_NumInd=30Bayenv2LFMMpca.Cpval","All","MCD 0.90",105.275826504971,0.0948934497857743,0.9,"MCD"
"662","IM_R90_1351142954_453_4_NumPops=90_NumInd=20Bayenv2LFMMpca.Cpval","Neutral","All",55.7307306431483,0.0151306609144273,NA,NA
"663","IM_R90_1351142954_453_4_NumPops=90_NumInd=20Bayenv2LFMMpca.Cpval","Neutral","MCD 0.51",6.32815829841638,0.0978818820266351,0.51,"MCD"
"664","IM_R90_1351142954_453_4_NumPops=90_NumInd=20Bayenv2LFMMpca.Cpval","Neutral","MCD 0.75",2.22497950214826,0.0453001140617301,0.75,"MCD"
"665","IM_R90_1351142954_453_4_NumPops=90_NumInd=20Bayenv2LFMMpca.Cpval","Neutral","MCD 0.90",0.626798922343683,0.0232949130994059,0.9,"MCD"
"666","IM_R90_1351142954_453_4_NumPops=90_NumInd=20Bayenv2LFMMpca.Cpval","Neutral","PCS 0.51",6.26160170471911,0.225173783214436,0.51,"PCS"
"667","IM_R90_1351142954_453_4_NumPops=90_NumInd=20Bayenv2LFMMpca.Cpval","Neutral","PCS 0.75",1.42493030939291,0.0850419087037164,0.75,"PCS"
"668","IM_R90_1351142954_453_4_NumPops=90_NumInd=20Bayenv2LFMMpca.Cpval","Neutral","PCS 0.90",0.247071953879603,0.0192387519478586,0.9,"PCS"
"669","IM_R90_1351142954_453_4_NumPops=90_NumInd=20Bayenv2LFMMpca.Cpval","All","Neutral",55.7307306431483,0.0151306609144273,NA,NA
"670","IM_R90_1351142954_453_4_NumPops=90_NumInd=20Bayenv2LFMMpca.Cpval","All","MCD 0.75",39.2627438563769,0.104514179751311,0.75,"MCD"
"671","IM_R90_1351142954_453_4_NumPops=90_NumInd=20Bayenv2LFMMpca.Cpval","All","MCD 0.90",46.7879464171839,0.0722908886258191,0.9,"MCD"
"672","IM_R90_1351142954_453_4_NumPops=90_NumInd=6Bayenv2LFMMpca.Cpval","Neutral","All",0.713299844193595,0.00164324063082069,NA,NA
"673","IM_R90_1351142954_453_4_NumPops=90_NumInd=6Bayenv2LFMMpca.Cpval","Neutral","MCD 0.51",0.0679591429897428,0.0172872439707965,0.51,"MCD"
"674","IM_R90_1351142954_453_4_NumPops=90_NumInd=6Bayenv2LFMMpca.Cpval","Neutral","MCD 0.75",0.0424281036459144,0.0105791694434643,0.75,"MCD"
"675","IM_R90_1351142954_453_4_NumPops=90_NumInd=6Bayenv2LFMMpca.Cpval","Neutral","MCD 0.90",0.0161753852538969,0.00590867554658821,0.9,"MCD"
"676","IM_R90_1351142954_453_4_NumPops=90_NumInd=6Bayenv2LFMMpca.Cpval","Neutral","PCS 0.51",0.428373514108663,0.117685611654765,0.51,"PCS"
"677","IM_R90_1351142954_453_4_NumPops=90_NumInd=6Bayenv2LFMMpca.Cpval","Neutral","PCS 0.75",0.120259037268262,0.0358347502284907,0.75,"PCS"
"678","IM_R90_1351142954_453_4_NumPops=90_NumInd=6Bayenv2LFMMpca.Cpval","Neutral","PCS 0.90",0.0220223689718802,0.0069290290489543,0.9,"PCS"
"679","IM_R90_1351142954_453_4_NumPops=90_NumInd=6Bayenv2LFMMpca.Cpval","All","Neutral",0.713299844193595,0.00164324063082069,NA,NA
"680","IM_R90_1351142954_453_4_NumPops=90_NumInd=6Bayenv2LFMMpca.Cpval","All","MCD 0.75",0.773565976643399,0.0180175617305428,0.75,"MCD"
"681","IM_R90_1351142954_453_4_NumPops=90_NumInd=6Bayenv2LFMMpca.Cpval","All","MCD 0.90",0.744936510670044,0.0116279166430709,0.9,"MCD"
"682","IM_R90_1351142970_988_8_NumPops=90_NumInd=20Bayenv2LFMMpca.Cpval","Neutral","All",45.2430810345245,0.0151312814155592,NA,NA
"683","IM_R90_1351142970_988_8_NumPops=90_NumInd=20Bayenv2LFMMpca.Cpval","Neutral","MCD 0.51",9.97058323740828,0.0688608467871875,0.51,"MCD"
"684","IM_R90_1351142970_988_8_NumPops=90_NumInd=20Bayenv2LFMMpca.Cpval","Neutral","MCD 0.75",3.15095978656734,0.0394523223991578,0.75,"MCD"
"685","IM_R90_1351142970_988_8_NumPops=90_NumInd=20Bayenv2LFMMpca.Cpval","Neutral","MCD 0.90",0.857346566821031,0.020215492519601,0.9,"MCD"
"686","IM_R90_1351142970_988_8_NumPops=90_NumInd=20Bayenv2LFMMpca.Cpval","Neutral","PCS 0.51",4.32805377851317,0.183874511939216,0.51,"PCS"
"687","IM_R90_1351142970_988_8_NumPops=90_NumInd=20Bayenv2LFMMpca.Cpval","Neutral","PCS 0.75",0.729729387818787,0.0737394273478741,0.75,"PCS"
"688","IM_R90_1351142970_988_8_NumPops=90_NumInd=20Bayenv2LFMMpca.Cpval","Neutral","PCS 0.90",0.18391009299826,0.0178875245387174,0.9,"PCS"
"689","IM_R90_1351142970_988_8_NumPops=90_NumInd=20Bayenv2LFMMpca.Cpval","All","Neutral",45.2430810345245,0.0151312814155592,NA,NA
"690","IM_R90_1351142970_988_8_NumPops=90_NumInd=20Bayenv2LFMMpca.Cpval","All","MCD 0.75",28.6602806565935,0.0937582916973082,0.75,"MCD"
"691","IM_R90_1351142970_988_8_NumPops=90_NumInd=20Bayenv2LFMMpca.Cpval","All","MCD 0.90",36.294688853271,0.0663502685151792,0.9,"MCD"
"692","IM_R90_1351142970_988_8_NumPops=90_NumInd=6Bayenv2LFMMpca.Cpval","Neutral","All",0.526741157510249,0.00160863906957015,NA,NA
"693","IM_R90_1351142970_988_8_NumPops=90_NumInd=6Bayenv2LFMMpca.Cpval","Neutral","MCD 0.51",0.112498494334482,0.0209206900331322,0.51,"MCD"
"694","IM_R90_1351142970_988_8_NumPops=90_NumInd=6Bayenv2LFMMpca.Cpval","Neutral","MCD 0.75",0.0597390922007418,0.0117760131870719,0.75,"MCD"
"695","IM_R90_1351142970_988_8_NumPops=90_NumInd=6Bayenv2LFMMpca.Cpval","Neutral","MCD 0.90",0.0228844064417837,0.00628004469681522,0.9,"MCD"
"696","IM_R90_1351142970_988_8_NumPops=90_NumInd=6Bayenv2LFMMpca.Cpval","Neutral","PCS 0.51",0.458206217199957,0.13264811534926,0.51,"PCS"
"697","IM_R90_1351142970_988_8_NumPops=90_NumInd=6Bayenv2LFMMpca.Cpval","Neutral","PCS 0.75",0.114840103536965,0.038515858636193,0.75,"PCS"
"698","IM_R90_1351142970_988_8_NumPops=90_NumInd=6Bayenv2LFMMpca.Cpval","Neutral","PCS 0.90",0.0210564879129358,0.00729586866472197,0.9,"PCS"
"699","IM_R90_1351142970_988_8_NumPops=90_NumInd=6Bayenv2LFMMpca.Cpval","All","Neutral",0.526741157510249,0.00160863906957015,NA,NA
"700","IM_R90_1351142970_988_8_NumPops=90_NumInd=6Bayenv2LFMMpca.Cpval","All","MCD 0.75",0.604666950141045,0.0201042768717575,0.75,"MCD"
"701","IM_R90_1351142970_988_8_NumPops=90_NumInd=6Bayenv2LFMMpca.Cpval","All","MCD 0.90",0.566016766220479,0.0124891868291534,0.9,"MCD"
"702","IM_R90_1351142986_950_12_NumPops=90_NumInd=20Bayenv2LFMMpca.Cpval","Neutral","All",40.067835395949,0.0122099699762949,NA,NA
"703","IM_R90_1351142986_950_12_NumPops=90_NumInd=20Bayenv2LFMMpca.Cpval","Neutral","MCD 0.51",6.38467086724572,0.0768210141551496,0.51,"MCD"
"704","IM_R90_1351142986_950_12_NumPops=90_NumInd=20Bayenv2LFMMpca.Cpval","Neutral","MCD 0.75",2.52115916410336,0.0353751870389432,0.75,"MCD"
"705","IM_R90_1351142986_950_12_NumPops=90_NumInd=20Bayenv2LFMMpca.Cpval","Neutral","MCD 0.90",0.780472092368924,0.0157288086519586,0.9,"MCD"
"706","IM_R90_1351142986_950_12_NumPops=90_NumInd=20Bayenv2LFMMpca.Cpval","Neutral","PCS 0.51",5.22525622330762,0.161830605142752,0.51,"PCS"
"707","IM_R90_1351142986_950_12_NumPops=90_NumInd=20Bayenv2LFMMpca.Cpval","Neutral","PCS 0.75",1.44413802586189,0.0634166258679343,0.75,"PCS"
"708","IM_R90_1351142986_950_12_NumPops=90_NumInd=20Bayenv2LFMMpca.Cpval","Neutral","PCS 0.90",0.195636574359717,0.0133404992488536,0.9,"PCS"
"709","IM_R90_1351142986_950_12_NumPops=90_NumInd=20Bayenv2LFMMpca.Cpval","All","Neutral",40.067835395949,0.0122099699762949,NA,NA
"710","IM_R90_1351142986_950_12_NumPops=90_NumInd=20Bayenv2LFMMpca.Cpval","All","MCD 0.75",26.255208995619,0.0808826399041082,0.75,"MCD"
"711","IM_R90_1351142986_950_12_NumPops=90_NumInd=20Bayenv2LFMMpca.Cpval","All","MCD 0.90",31.9968573511172,0.0502058683626666,0.9,"MCD"
"712","IM_R90_1351142986_950_12_NumPops=90_NumInd=6Bayenv2LFMMpca.Cpval","Neutral","All",0.650609164100649,0.0015332611198736,NA,NA
"713","IM_R90_1351142986_950_12_NumPops=90_NumInd=6Bayenv2LFMMpca.Cpval","Neutral","MCD 0.51",0.111726571037073,0.0245640762560551,0.51,"MCD"
"714","IM_R90_1351142986_950_12_NumPops=90_NumInd=6Bayenv2LFMMpca.Cpval","Neutral","MCD 0.75",0.0515280342938992,0.0141915472643998,0.75,"MCD"
"715","IM_R90_1351142986_950_12_NumPops=90_NumInd=6Bayenv2LFMMpca.Cpval","Neutral","MCD 0.90",0.0200615047253795,0.00851792790210612,0.9,"MCD"
"716","IM_R90_1351142986_950_12_NumPops=90_NumInd=6Bayenv2LFMMpca.Cpval","Neutral","PCS 0.51",0.481490802435637,0.133110461671878,0.51,"PCS"
"717","IM_R90_1351142986_950_12_NumPops=90_NumInd=6Bayenv2LFMMpca.Cpval","Neutral","PCS 0.75",0.144095742475318,0.0432601636779709,0.75,"PCS"
"718","IM_R90_1351142986_950_12_NumPops=90_NumInd=6Bayenv2LFMMpca.Cpval","Neutral","PCS 0.90",0.0280042341947725,0.00888760368312081,0.9,"PCS"
"719","IM_R90_1351142986_950_12_NumPops=90_NumInd=6Bayenv2LFMMpca.Cpval","All","Neutral",0.650609164100649,0.0015332611198736,NA,NA
"720","IM_R90_1351142986_950_12_NumPops=90_NumInd=6Bayenv2LFMMpca.Cpval","All","MCD 0.75",0.731501510677288,0.0221173089893771,0.75,"MCD"
"721","IM_R90_1351142986_950_12_NumPops=90_NumInd=6Bayenv2LFMMpca.Cpval","All","MCD 0.90",0.697804787235649,0.0146302588309926,0.9,"MCD"
